Workbook

Sheet 📊 Dashboard
A1: ✝️ CITIZENS ELEMENTARY SCHOOL — DISCIPLESHIP TRAINING PROGRAMME
A2: Semesters defined in ⚙️ Semester Setup. Counts auto-update from the Student Register. Scoring: 8 quizzes × 5 = 40 marks + Final Exam 60 = 100 total. Pass mark = 50.
A4: Total Students | C4: Active | E4: Graduated | G4: Deferred | I4: Sunday Cohort | K4: ✅ Graduates | M4: ❌ Not Yet | O4: ⏳ Pending
A5: =COUNTA('👥 All Students'!A5:A493) -> 80 | C5: =COUNTIF('👥 All Students'!X5:X493,"Active") -> 88 | E5: =COUNTIF('👥 All Students'!X5:X493,"Graduated") -> 0 | G5: =COUNTIF('👥 All Students'!X5:X493,"Deferred") -> 0 | I5: =COUNTIF('👥 All Students'!W5:W493,"Sunday Cohort") -> 59 | K5: =COUNTIF('🎓 S1 Results'!K6:K105,"✅ GRADUATE") -> 0 | M5: =COUNTIF('🎓 S1 Results'!K6:K105,"❌ NOT YET") -> 92 | O5: =COUNTIF('🎓 S1 Results'!K6:K105,"⏳ PENDING") -> 8
A6: enrolled | C6: students | E6: students | G6: students | I6: students | K6: students | M6: students | O6: students
A8: 📋 SEMESTER SUMMARY — Results per Defined Semester
A9: ℹ️ Add more semesters in ⚙️ Semester Setup and add matching Quiz/Exam/Results tabs. Counts in columns C–F auto-update from the Student Register.
A10: Semester Name | B10: Type | C10: Enrolled | D10: Active | E10: Graduated | F10: Deferred | G10: ✅ Graduates | H10: ❌ Not Yet | I10: ⏳ Pending | J10: Pass Rate
A11: ='⚙️ Semester Setup'!B7 -> Semester 1 — 2026 | B11: ='⚙️ Semester Setup'!C7 -> Regular | C11: =COUNTIF('👥 All Students'!V5:V493,'⚙️ Semester Setup'!B7) -> 0 | D11: =COUNTIFS('👥 All Students'!V5:V493,'⚙️ Semester Setup'!B7,'👥 All Students'!X5:X493,"Active") -> 0 | E11: =COUNTIFS('👥 All Students'!V5:V493,'⚙️ Semester Setup'!B7,'👥 All Students'!X5:X493,"Graduated") -> 0 | F11: =COUNTIFS('👥 All Students'!V5:V493,'⚙️ Semester Setup'!B7,'👥 All Students'!X5:X493,"Deferred") -> 0 | G11: =COUNTIF('🎓 S1 Results'!K6:K105,"✅ GRADUATE") -> 0 | H11: =COUNTIF('🎓 S1 Results'!K6:K105,"❌ NOT YET") -> 92 | I11: =COUNTIF('🎓 S1 Results'!K6:K105,"⏳ PENDING") -> 8 | J11: =IFERROR(G11/C11,0) -> 0
A12: ='⚙️ Semester Setup'!B8 -> Sunday Cohort — 2026 | B12: ='⚙️ Semester Setup'!C8 -> Sunday Cohort | C12: =COUNTIF('👥 All Students'!V5:V493,'⚙️ Semester Setup'!B8) -> 59 | D12: =COUNTIFS('👥 All Students'!V5:V493,'⚙️ Semester Setup'!B8,'👥 All Students'!X5:X493,"Active") -> 59 | E12: =COUNTIFS('👥 All Students'!V5:V493,'⚙️ Semester Setup'!B8,'👥 All Students'!X5:X493,"Graduated") -> 0 | F12: =COUNTIFS('👥 All Students'!V5:V493,'⚙️ Semester Setup'!B8,'👥 All Students'!X5:X493,"Deferred") -> 0 | G12: =COUNTIF('🎓 S1 Results'!K6:K105,"✅ GRADUATE") -> 0 | H12: =COUNTIF('🎓 S1 Results'!K6:K105,"❌ NOT YET") -> 92 | I12: =COUNTIF('🎓 S1 Results'!K6:K105,"⏳ PENDING") -> 8 | J12: =IFERROR(G12/C12,0) -> 0
A13: ='⚙️ Semester Setup'!B9 -> Semester 3 — 2026 | B13: ='⚙️ Semester Setup'!C9 -> Regular | C13: =COUNTIF('👥 All Students'!V5:V493,'⚙️ Semester Setup'!B9) -> 29 | D13: =COUNTIFS('👥 All Students'!V5:V493,'⚙️ Semester Setup'!B9,'👥 All Students'!X5:X493,"Active") -> 29 | E13: =COUNTIFS('👥 All Students'!V5:V493,'⚙️ Semester Setup'!B9,'👥 All Students'!X5:X493,"Graduated") -> 0 | F13: =COUNTIFS('👥 All Students'!V5:V493,'⚙️ Semester Setup'!B9,'👥 All Students'!X5:X493,"Deferred") -> 0 | G13: =COUNTIF('🎓 S1 Results'!K6:K105,"✅ GRADUATE") -> 0 | H13: =COUNTIF('🎓 S1 Results'!K6:K105,"❌ NOT YET") -> 92 | I13: =COUNTIF('🎓 S1 Results'!K6:K105,"⏳ PENDING") -> 8 | J13: =IFERROR(G13/C13,0) -> 0
A15: 📐 SCORING STRUCTURE
A16: Graded Courses (8) | B16: Quiz per course: 5 marks each → 8 × 5 = 40 marks total
A17: Final Examination | B17: Written exam graded over 60 marks
A18: Cumulative Total | B18: Quiz total (40) + Final Exam (60) = 100 marks | Pass mark = 50
A19: Attendance Courses (2) | B19: Elementary Principles + Membership & Vision Class — attendance required, not graded
A21: 📋 WORKBOOK GUIDE
A22: ⚙️ Semester Setup | B22: Define semester names here — they feed the Student Register dropdown and Dashboard
A23: 👥 All Students | B23: Full student register matching CES Registration Form (A–U) + admin fields (V–AD)
A24: 📝 S1 Quiz | B24: Quiz grades — 8 courses, max 5 each. TOTAL is auto-computed. Above 5 is BLOCKED.
A25: 📄 S1 Exam | B25: Final exam (max 60, BLOCKED if exceeded) + attendance. Computed columns are locked.
A26: 🎓 S1 Results | B26: All results auto-computed from Quiz and Exam. Matric in col A is the only input.
A27: 🔍 Student Lookup | B27: Search by matric, name or surname → profile + quiz + exam + outstanding items
A28: 📊 Dashboard | B28: This sheet — KPIs and semester summaries

Sheet ⚙️ Semester Setup
A1: ⚙️ SEMESTER SETUP — Define Your Semesters Here
A2: Define semester names here. The Student Register semester dropdown and Dashboard summaries reference this sheet.
A4: 📌 Fill in the YELLOW cells only. Semester Name must exactly match what you enter in the Student Register. Add rows as needed.
A6: # | B6: Semester Name | C6: Type | D6: Start Date | E6: End Date | F6: Year | G6: Active? | H6: Notes
A7: 1 | B7: Semester 1 — 2026 | C7: Regular | D7: 2026-06-01 | E7: 2026-08-31 | F7: 2026 | G7: No | H7: Initial cohort
A8: 2 | B8: Sunday Cohort — 2026 | C8: Sunday Cohort | D8: 46187 | E8: 46229 | F8: 2026 | G8: Yes | H8: Meets every Sunday
A9: 3 | B9: Semester 3 — 2026 | C9: Regular | D9: 46244 | E9: 46249 | F9: 2026 | G9: Yes | H9: Every day of the week (morning and Evening) except Wednesday
A10: 4
A11: 5
A12: 6
A13: 7
A14: 8
A15: 9
A16: 10
A17: 11
A18: 12
A19: 13
A20: 14
A21: 15
... A24: 18

Sheet 🔍 Student Lookup
A1: 🔍 STUDENT LOOKUP — Search by Matric No., First Name, or Surname
A2: Type in the YELLOW search box below. Full profile + quiz scores + exam + attendance + outstanding items all appear automatically.
A4: 🔎 SEARCH | D4: Enter Matric No., Surname or First Name — results appear instantly below
A5: Search: | B5: Ayodele | E5: =IFERROR(MATCH($B$5,'👥 All Students'!$A:$A,0),IFERROR(MATCH($B$5,'👥 All Students'!$B:$B,0),IFERROR(MATCH($B$5,'👥 All Students'!$C:$C,0),0))) -> 0 | F5: ← row# (internal) | H5: {=IF($E$5=0,"",IF(COUNTIF('👥 All Students'!$B:$B,INDEX('👥 All Students'!$B:$B,$E$5))+COUNTIF('👥 All Students'!$C:$C,INDEX('👥 All Students'!$C:$C,$E$5))>2,"⚠️ Multiple students share this name — use exact Matric No. for precision",""))}
A7: 👤 STUDENT PROFILE
A8: Matric No. | C8: {=IF($E$5=0,"— not found —",INDEX('👥 All Students'!$A:$A,$E$5))} -> — not found —
A9: Surname | C9: {=IF($E$5=0,"—",INDEX('👥 All Students'!$B:$B,$E$5))} -> — | I9: First Name | K9: {=IF($E$5=0,"—",INDEX('👥 All Students'!$C:$C,$E$5))} -> —
A10: Middle Name | C10: {=IF($E$5=0,"—",INDEX('👥 All Students'!$D:$D,$E$5))} -> — | I10: Phone | K10: {=IF($E$5=0,"—",INDEX('👥 All Students'!$E:$E,$E$5))} -> —
A11: WhatsApp | C11: {=IF($E$5=0,"—",INDEX('👥 All Students'!$F:$F,$E$5))} -> — | I11: Email | K11: {=IF($E$5=0,"—",INDEX('👥 All Students'!$G:$G,$E$5))} -> —
A12: Address | C12: {=IF($E$5=0,"—",INDEX('👥 All Students'!$H:$H,$E$5))} -> —
A13: Gender | C13: {=IF($E$5=0,"—",INDEX('👥 All Students'!$I:$I,$E$5))} -> — | I13: Marital Status | K13: {=IF($E$5=0,"—",INDEX('👥 All Students'!$J:$J,$E$5))} -> —
A14: Educational Level | C14: {=IF($E$5=0,"—",INDEX('👥 All Students'!$K:$K,$E$5))} -> — | I14: Occupation | K14: {=IF($E$5=0,"—",INDEX('👥 All Students'!$Y:$Y,$E$5))} -> —
A15: Born Again? | C15: {=IF($E$5=0,"—",INDEX('👥 All Students'!$L:$L,$E$5))} -> — | I15: Baptised H.S.? | K15: {=IF($E$5=0,"—",INDEX('👥 All Students'!$M:$M,$E$5))} -> —
A16: Semester | C16: {=IF($E$5=0,"—",INDEX('👥 All Students'!$V:$V,$E$5))} -> —
A17: Cohort Type | C17: {=IF($E$5=0,"—",INDEX('👥 All Students'!$W:$W,$E$5))} -> — | I17: Status | K17: {=IF($E$5=0,"—",INDEX('👥 All Students'!$X:$X,$E$5))} -> —
A18: Unit of Interest | C18: {=IF($E$5=0,"—",INDEX('👥 All Students'!$N:$N,$E$5))} -> — | I18: Prev. Served? | K18: {=IF($E$5=0,"—",INDEX('👥 All Students'!$P:$P,$E$5))} -> —
A19: Emergency Contact | C19: {=IF($E$5=0,"—",INDEX('👥 All Students'!$Z:$Z,$E$5))} -> — | I19: Emg. Phone | K19: {=IF($E$5=0,"—",INDEX('👥 All Students'!$AA:$AA,$E$5))} -> —
A20: Notes | C20: {=IF($E$5=0,"—",INDEX('👥 All Students'!$AB:$AB,$E$5))} -> —
A22: 📊 ACADEMIC RESULTS
A23: All values below are pulled live from the Quiz and Exam sheets for the student shown in row 8. ⬜ = not entered ❌ = not attended / failed ✅ = completed
A25: Quiz Total (/40) | D25: Final Exam (/60) | G25: TOTAL (/100) | J25: Graduation Status | N25: Honour | O25: Score ≥50?
A26: =IFERROR(VLOOKUP($C$8,'📝 S1 Quiz'!$A:$L,12,0),"—") -> — | D26: =IFERROR(VLOOKUP($C$8,'📄 S1 Exam'!$A:$D,4,0),"—") -> — | G26: =IFERROR(VLOOKUP($C$8,'🎓 S1 Results'!$A:$F,6,0),"—") -> — | J26: =IFERROR(VLOOKUP($C$8,'🎓 S1 Results'!$A:$K,11,0),"—") -> — | N26: =IFERROR(VLOOKUP($C$8,'🎓 S1 Results'!$A:$M,13,0),"—") -> — | O26: =IFERROR(VLOOKUP($C$8,'🎓 S1 Results'!$A:$G,7,0),"—") -> —
A28: 📝 QUIZ SCORES BY COURSE (max 5 per course)
A29: Course | C29: Score | D29: Status | E29: Course | G29: Score | H29: Status | I29: Course | K29: Score | L29: Status | M29: Course | O29: Score | P29: Status
A30: Salvation | C30: =IFERROR(VLOOKUP($C$8,'📝 S1 Quiz'!$A:$L,4,0),"") | D30: =IF($C$8="","",IF(IFERROR(VLOOKUP($C$8,'📝 S1 Quiz'!$A:$L,4,0),"")="","⬜ Pending",IF(IFERROR(VLOOKUP($C$8,'📝 S1 Quiz'!$A:$L,4,0),0)=0,"❌ Zero","✅ Done"))) -> ⬜ Pending | E30: Righteousness | G30: =IFERROR(VLOOKUP($C$8,'📝 S1 Quiz'!$A:$L,5,0),"") | H30: =IF($C$8="","",IF(IFERROR(VLOOKUP($C$8,'📝 S1 Quiz'!$A:$L,5,0),"")="","⬜ Pending",IF(IFERROR(VLOOKUP($C$8,'📝 S1 Quiz'!$A:$L,5,0),0)=0,"❌ Zero","✅ Done"))) -> ⬜ Pending | I30: Word of God | K30: =IFERROR(VLOOKUP($C$8,'📝 S1 Quiz'!$A:$L,6,0),"") | L30: =IF($C$8="","",IF(IFERROR(VLOOKUP($C$8,'📝 S1 Quiz'!$A:$L,6,0),"")="","⬜ Pending",IF(IFERROR(VLOOKUP($C$8,'📝 S1 Quiz'!$A:$L,6,0),0)=0,"❌ Zero","✅ Done"))) -> ⬜ Pending | M30: Love Walk | O30: =IFERROR(VLOOKUP($C$8,'📝 S1 Quiz'!$A:$L,7,0),"") | P30: =IF($C$8="","",IF(IFERROR(VLOOKUP($C$8,'📝 S1 Quiz'!$A:$L,7,0),"")="","⬜ Pending",IF(IFERROR(VLOOKUP($C$8,'📝 S1 Quiz'!$A:$L,7,0),0)=0,"❌ Zero","✅ Done"))) -> ⬜ Pending
A31: Service | C31: =IFERROR(VLOOKUP($C$8,'📝 S1 Quiz'!$A:$L,8,0),"") | D31: =IF($C$8="","",IF(IFERROR(VLOOKUP($C$8,'📝 S1 Quiz'!$A:$L,8,0),"")="","⬜ Pending",IF(IFERROR(VLOOKUP($C$8,'📝 S1 Quiz'!$A:$L,8,0),0)=0,"❌ Zero","✅ Done"))) -> ⬜ Pending | E31: Spiritual Authority | G31: =IFERROR(VLOOKUP($C$8,'📝 S1 Quiz'!$A:$L,9,0),"") | H31: =IF($C$8="","",IF(IFERROR(VLOOKUP($C$8,'📝 S1 Quiz'!$A:$L,9,0),"")="","⬜ Pending",IF(IFERROR(VLOOKUP($C$8,'📝 S1 Quiz'!$A:$L,9,0),0)=0,"❌ Zero","✅ Done"))) -> ⬜ Pending | I31: Prayers | K31: =IFERROR(VLOOKUP($C$8,'📝 S1 Quiz'!$A:$L,10,0),"") | L31: =IF($C$8="","",IF(IFERROR(VLOOKUP($C$8,'📝 S1 Quiz'!$A:$L,10,0),"")="","⬜ Pending",IF(IFERROR(VLOOKUP($C$8,'📝 S1 Quiz'!$A:$L,10,0),0)=0,"❌ Zero","✅ Done"))) -> ⬜ Pending | M31: Holy Spirit | O31: =IFERROR(VLOOKUP($C$8,'📝 S1 Quiz'!$A:$L,11,0),"") | P31: =IF($C$8="","",IF(IFERROR(VLOOKUP($C$8,'📝 S1 Quiz'!$A:$L,11,0),"")="","⬜ Pending",IF(IFERROR(VLOOKUP($C$8,'📝 S1 Quiz'!$A:$L,11,0),0)=0,"❌ Zero","✅ Done"))) -> ⬜ Pending
A33: 📄 FINAL EXAM & ATTENDANCE
A34: Final Exam (/60) | D34: Exam % | F34: Exam Pass? | H34: Elementary Principles | L34: Membership & Vision Class | O34: Attendance Status
A35: =IFERROR(VLOOKUP($C$8,'📄 S1 Exam'!$A:$D,4,0),"—") -> — | D35: =IF(IFERROR(VLOOKUP($C$8,'📄 S1 Exam'!$A:$D,4,0),"")="","—",TEXT(IFERROR(VLOOKUP($C$8,'📄 S1 Exam'!$A:$D,4,0),0)/60,"0%")) -> — | F35: =IFERROR(VLOOKUP($C$8,'📄 S1 Exam'!$A:$I,9,0),"—") -> — | H35: =IFERROR(VLOOKUP($C$8,'📄 S1 Exam'!$A:$E,5,0),"—") -> — | L35: =IFERROR(VLOOKUP($C$8,'📄 S1 Exam'!$A:$F,6,0),"—") -> — | O35: =IFERROR(VLOOKUP($C$8,'📄 S1 Exam'!$A:$H,8,0),"—") -> —
A37: ⚠️ OUTSTANDING ITEMS — Only incomplete items are shown
A38: Items that are done (✅) show blank. Only ⬜ not entered and ❌ not attended appear here.
A39: # | B39: Item | H39: Type | K39: Status
A40: 1 | B40: Salvation | H40: Quiz | K40: =IF($C$8="","",IF(IFERROR(VLOOKUP($C$8,'📝 S1 Quiz'!$A:$L,4,0),"")="","⬜ Quiz not entered","")) -> ⬜ Quiz not entered
A41: 2 | B41: Righteousness | H41: Quiz | K41: =IF($C$8="","",IF(IFERROR(VLOOKUP($C$8,'📝 S1 Quiz'!$A:$L,5,0),"")="","⬜ Quiz not entered","")) -> ⬜ Quiz not entered
A42: 3 | B42: Word of God | H42: Quiz | K42: =IF($C$8="","",IF(IFERROR(VLOOKUP($C$8,'📝 S1 Quiz'!$A:$L,6,0),"")="","⬜ Quiz not entered","")) -> ⬜ Quiz not entered
A43: 4 | B43: Love Walk | H43: Quiz | K43: =IF($C$8="","",IF(IFERROR(VLOOKUP($C$8,'📝 S1 Quiz'!$A:$L,7,0),"")="","⬜ Quiz not entered","")) -> ⬜ Quiz not entered
A44: 5 | B44: Service | H44: Quiz | K44: =IF($C$8="","",IF(IFERROR(VLOOKUP($C$8,'📝 S1 Quiz'!$A:$L,8,0),"")="","⬜ Quiz not entered","")) -> ⬜ Quiz not entered
A45: 6 | B45: Spiritual Authority | H45: Quiz | K45: =IF($C$8="","",IF(IFERROR(VLOOKUP($C$8,'📝 S1 Quiz'!$A:$L,9,0),"")="","⬜ Quiz not entered","")) -> ⬜ Quiz not entered
A46: 7 | B46: Prayers | H46: Quiz | K46: =IF($C$8="","",IF(IFERROR(VLOOKUP($C$8,'📝 S1 Quiz'!$A:$L,10,0),"")="","⬜ Quiz not entered","")) -> ⬜ Quiz not entered
A47: 8 | B47: Holy Spirit | H47: Quiz | K47: =IF($C$8="","",IF(IFERROR(VLOOKUP($C$8,'📝 S1 Quiz'!$A:$L,11,0),"")="","⬜ Quiz not entered","")) -> ⬜ Quiz not entered
A48: 9 | B48: Elementary Principles | H48: Attendance | K48: =IF($C$8="","",IF(IFERROR(VLOOKUP($C$8,'📄 S1 Exam'!$A:$E,5,0),"")="","⬜ Not recorded",IF(IFERROR(VLOOKUP($C$8,'📄 S1 Exam'!$A:$E,5,0),"")="Attended","","❌ Not Attended"))) -> ⬜ Not recorded
A49: 10 | B49: Vision & Membership Class | H49: Attendance | K49: =IF($C$8="","",IF(IFERROR(VLOOKUP($C$8,'📄 S1 Exam'!$A:$F,6,0),"")="","⬜ Not recorded",IF(IFERROR(VLOOKUP($C$8,'📄 S1 Exam'!$A:$F,6,0),"")="Attended","","❌ Not Attended"))) -> ⬜ Not recorded
A50: 11 | B50: Final Exam | H50: Exam | K50: =IF($C$8="","",IF(IFERROR(VLOOKUP($C$8,'📄 S1 Exam'!$A:$D,4,0),"")="","⬜ Exam not entered","")) -> ⬜ Exam not entered
A51: =IF($C$8="","Enter a matric number or name in the yellow box above ↑",IF(COUNTA(K40,K41,K42,K43,K44,K45,K46,K47,K48,K49,K50)=0,"✅ All courses and attendance completed — student is eligible for graduation assessment.",COUNTA(K40,K41,K42,K43,K44,K45,K46,K47,K48,K49,K50)&" outstanding item(s) — see highlighted rows above.")) -> 11 outstanding item(s) — see highlighted rows above.

Sheet 👥 All Students
A1: 👥 CES STUDENT REGISTER — Citizens Elementary School
A2: Matric format: CES/ILR/YY[SemCode]/NNN | Semester selected from dropdown (defined in ⚙️ Semester Setup) | Columns A–U = CES Registration Form | Columns V–AD = Admin fields
A3: ◀ REGISTRATION FORM FIELDS (A–U) ▶
A4: Matric No. | B4: Surname | C4: First Name | D4: Middle Name | E4: Phone Number | F4: WhatsApp Number | G4: Email Address | H4: Permanent Address | I4: Gender | J4: Marital Status | K4: Educational Level | L4: Born Again? | M4: Baptised in H.S.? | N4: Unit of Interest | O4: Years as Christian | P4: Previously Served? | Q4: Prev. Service Details | R4: Gifts / Skills | S4: Attended Mem. & Vision? | T4: Committed to Programme? | U4: Comments/Enquiries | V4: Semester | W4: Cohort Type | X4: Status | Y4: Occupation | Z4: Emergency Contact | AA4: Emergency Contact Phone | AB4: Notes
A5: CES/ILR/26S1902 | V5: Sunday Cohort — 2026 | W5: Sunday Cohort | X5: Active
A6: CES/ILR/26S1903 | V6: Sunday Cohort — 2026 | W6: Sunday Cohort | X6: Active
A7: CES/ILR/26S1904 | V7: Sunday Cohort — 2026 | W7: Sunday Cohort | X7: Active
A8: CES/ILR/26S1905 | V8: Sunday Cohort — 2026 | W8: Sunday Cohort | X8: Active
A9: CES/ILR/26S1906 | V9: Sunday Cohort — 2026 | W9: Sunday Cohort | X9: Active
A10: CES/ILR/26S1907 | V10: Sunday Cohort — 2026 | W10: Sunday Cohort | X10: Active
A11: CES/ILR/26S1908 | V11: Sunday Cohort — 2026 | W11: Sunday Cohort | X11: Active
A12: CES/ILR/26S1909 | V12: Sunday Cohort — 2026 | W12: Sunday Cohort | X12: Active
A13: CES/ILR/26S1910 | V13: Sunday Cohort — 2026 | W13: Sunday Cohort | X13: Active
A14: CES/ILR/26S1911 | V14: Sunday Cohort — 2026 | W14: Sunday Cohort | X14: Active
A15: CES/ILR/26S1912 | V15: Sunday Cohort — 2026 | W15: Sunday Cohort | X15: Active
A16: CES/ILR/26S1913 | V16: Sunday Cohort — 2026 | W16: Sunday Cohort | X16: Active
... A84: CES/ILR/26H821 | V84: Semester 3 — 2026 | W84: Regular | X84: Active
V85: Semester 3 — 2026 | W85: Regular | X85: Active
V86: Semester 3 — 2026 | W86: Regular | X86: Active
V87: Semester 3 — 2026 | W87: Regular | X87: Active
V88: Semester 3 — 2026 | W88: Regular | X88: Active
V89: Semester 3 — 2026 | W89: Regular | X89: Active
V90: Semester 3 — 2026 | W90: Regular | X90: Active
V91: Semester 3 — 2026 | W91: Regular | X91: Active
V92: Semester 3 — 2026 | W92: Regular | X92: Active

Sheet 📝 S1 Quiz
A1: 📝 S1 QUIZ GRADES | 8 Courses × max 5 marks = 40 Total | 🔒 Total is auto-computed
A2: ⚠️ RULES: Enter whole numbers 0–5 only (max 5 per course). Entering above 5 is BLOCKED by validation. QUIZ TOTAL (purple) is a formula — you cannot type into it.
A3: 🟡 Yellow = enter quiz scores here (0–5) 🟣 Purple = auto-calculated, locked — do not type
A4: MAX → | D4: 5 | E4: 5 | F4: 5 | G4: 5 | H4: 5 | I4: 5 | J4: 5 | K4: 5 | L4: 40 | M4: ← MAX
A5: Matric No. | B5: Surname | C5: First Name | D5: Salvation | E5: Righteousness | F5: Word of God | G5: Love Walk | H5: Service | I5: Spiritual Authority | J5: Holy Spirit | K5: Prayer | L5: QUIZ TOTAL (/40) | M5: % Score
A6: CES/ILR/26S1901 | B6: =IFERROR(VLOOKUP(A6,'👥 All Students'!$A:$C,2,0),"") | C6: =IFERROR(VLOOKUP(A6,'👥 All Students'!$A:$C,3,0),"") | L6: =IF(COUNTA(D6:K6)=0,"",SUM(D6:K6)) | M6: =IF(L6="","",TEXT(L6/40,"0%"))
A7: CES/ILR/26S1902 | B7: =IFERROR(VLOOKUP(A7,'👥 All Students'!$A:$C,2,0),"") -> 0 | C7: =IFERROR(VLOOKUP(A7,'👥 All Students'!$A:$C,3,0),"") -> 0 | D7: 3.5 | E7: 3 | F7: 5 | G7: 4 | H7: 3.5 | I7: 5 | J7: 4 | K7: 5 | L7: =IF(COUNTA(D7:K7)=0,"",SUM(D7:K7)) -> 33 | M7: =IF(L7="","",TEXT(L7/40,"0%")) -> 83%
A8: CES/ILR/26S1903 | B8: =IFERROR(VLOOKUP(A8,'👥 All Students'!$A:$C,2,0),"") -> 0 | C8: =IFERROR(VLOOKUP(A8,'👥 All Students'!$A:$C,3,0),"") -> 0 | D8: 5 | E8: 4.5 | F8: 4 | G8: 5 | H8: 4 | I8: 4 | J8: 4 | K8: 4 | L8: =IF(COUNTA(D8:K8)=0,"",SUM(D8:K8)) -> 34.5 | M8: =IF(L8="","",TEXT(L8/40,"0%")) -> 86%
A9: CES/ILR/26S1904 | B9: =IFERROR(VLOOKUP(A9,'👥 All Students'!$A:$C,2,0),"") -> 0 | C9: =IFERROR(VLOOKUP(A9,'👥 All Students'!$A:$C,3,0),"") -> 0 | D9: 4.5 | E9: 3 | F9: 3 | G9: 5 | H9: 4.5 | I9: 4 | J9: 3.5 | K9: 5 | L9: =IF(COUNTA(D9:K9)=0,"",SUM(D9:K9)) -> 32.5 | M9: =IF(L9="","",TEXT(L9/40,"0%")) -> 81%
A10: CES/ILR/26S1905 | B10: =IFERROR(VLOOKUP(A10,'👥 All Students'!$A:$C,2,0),"") -> 0 | C10: =IFERROR(VLOOKUP(A10,'👥 All Students'!$A:$C,3,0),"") -> 0 | D10: 4 | E10: 3.5 | F10: 1 | G10: 2 | J10: 3 | K10: 5 | L10: =IF(COUNTA(D10:K10)=0,"",SUM(D10:K10)) -> 18.5 | M10: =IF(L10="","",TEXT(L10/40,"0%")) -> 46%
A11: CES/ILR/26S1906 | B11: =IFERROR(VLOOKUP(A11,'👥 All Students'!$A:$C,2,0),"") -> 0 | C11: =IFERROR(VLOOKUP(A11,'👥 All Students'!$A:$C,3,0),"") -> 0 | D11: 3.5 | E11: 3.5 | L11: =IF(COUNTA(D11:K11)=0,"",SUM(D11:K11)) -> 7 | M11: =IF(L11="","",TEXT(L11/40,"0%")) -> 18%
A12: CES/ILR/26S1907 | B12: =IFERROR(VLOOKUP(A12,'👥 All Students'!$A:$C,2,0),"") -> 0 | C12: =IFERROR(VLOOKUP(A12,'👥 All Students'!$A:$C,3,0),"") -> 0 | D12: 4 | E12: 4 | F12: 4 | G12: 1 | H12: 2 | I12: 4 | J12: 4 | K12: 5 | L12: =IF(COUNTA(D12:K12)=0,"",SUM(D12:K12)) -> 28 | M12: =IF(L12="","",TEXT(L12/40,"0%")) -> 70%
A13: CES/ILR/26S1908 | B13: =IFERROR(VLOOKUP(A13,'👥 All Students'!$A:$C,2,0),"") -> 0 | C13: =IFERROR(VLOOKUP(A13,'👥 All Students'!$A:$C,3,0),"") -> 0 | D13: 5 | E13: 4 | F13: 4 | G13: 4 | H13: 5 | I13: 3 | J13: 4 | K13: 5 | L13: =IF(COUNTA(D13:K13)=0,"",SUM(D13:K13)) -> 34 | M13: =IF(L13="","",TEXT(L13/40,"0%")) -> 85%
A14: CES/ILR/26S1909 | B14: =IFERROR(VLOOKUP(A14,'👥 All Students'!$A:$C,2,0),"") -> 0 | C14: =IFERROR(VLOOKUP(A14,'👥 All Students'!$A:$C,3,0),"") -> 0 | D14: 5 | E14: 2.5 | F14: 3 | G14: 4 | H14: 2 | I14: 3 | J14: 2 | K14: 5 | L14: =IF(COUNTA(D14:K14)=0,"",SUM(D14:K14)) -> 26.5 | M14: =IF(L14="","",TEXT(L14/40,"0%")) -> 66%
A15: CES/ILR/26S1910 | B15: =IFERROR(VLOOKUP(A15,'👥 All Students'!$A:$C,2,0),"") -> 0 | C15: =IFERROR(VLOOKUP(A15,'👥 All Students'!$A:$C,3,0),"") -> 0 | D15: 5 | E15: 5 | F15: 5 | G15: 5 | H15: 2.5 | I15: 2.5 | J15: 3 | K15: 5 | L15: =IF(COUNTA(D15:K15)=0,"",SUM(D15:K15)) -> 33 | M15: =IF(L15="","",TEXT(L15/40,"0%")) -> 83%
A16: CES/ILR/26S1911 | B16: =IFERROR(VLOOKUP(A16,'👥 All Students'!$A:$C,2,0),"") -> 0 | C16: =IFERROR(VLOOKUP(A16,'👥 All Students'!$A:$C,3,0),"") -> 0 | D16: 4 | E16: 4.5 | F16: 4 | G16: 3.5 | H16: 4 | I16: 1 | J16: 3 | K16: 5 | L16: =IF(COUNTA(D16:K16)=0,"",SUM(D16:K16)) -> 29 | M16: =IF(L16="","",TEXT(L16/40,"0%")) -> 73%
A17: CES/ILR/26S1912 | B17: =IFERROR(VLOOKUP(A17,'👥 All Students'!$A:$C,2,0),"") -> 0 | C17: =IFERROR(VLOOKUP(A17,'👥 All Students'!$A:$C,3,0),"") -> 0 | D17: 4.5 | E17: 4.5 | F17: 4 | G17: 4 | H17: 4 | I17: 3 | J17: 5 | K17: 5 | L17: =IF(COUNTA(D17:K17)=0,"",SUM(D17:K17)) -> 34 | M17: =IF(L17="","",TEXT(L17/40,"0%")) -> 85%
A18: CES/ILR/26S1913 | B18: =IFERROR(VLOOKUP(A18,'👥 All Students'!$A:$C,2,0),"") -> 0 | C18: =IFERROR(VLOOKUP(A18,'👥 All Students'!$A:$C,3,0),"") -> 0 | D18: 5 | E18: 4.5 | F18: 4 | G18: 5 | H18: 3 | I18: 4 | J18: 3.5 | K18: 5 | L18: =IF(COUNTA(D18:K18)=0,"",SUM(D18:K18)) -> 34 | M18: =IF(L18="","",TEXT(L18/40,"0%")) -> 85%
A19: CES/ILR/26S1914 | B19: =IFERROR(VLOOKUP(A19,'👥 All Students'!$A:$C,2,0),"") -> 0 | C19: =IFERROR(VLOOKUP(A19,'👥 All Students'!$A:$C,3,0),"") -> 0 | D19: 5 | E19: 4 | F19: 4 | G19: 5 | H19: 4 | I19: 4 | J19: 4.5 | K19: 5 | L19: =IF(COUNTA(D19:K19)=0,"",SUM(D19:K19)) -> 35.5 | M19: =IF(L19="","",TEXT(L19/40,"0%")) -> 89%
A20: CES/ILR/26S1915 | B20: =IFERROR(VLOOKUP(A20,'👥 All Students'!$A:$C,2,0),"") -> 0 | C20: =IFERROR(VLOOKUP(A20,'👥 All Students'!$A:$C,3,0),"") -> 0 | D20: 1.5 | E20: 4 | F20: 4 | G20: 4 | H20: 4 | I20: 4 | J20: 2 | K20: 4.5 | L20: =IF(COUNTA(D20:K20)=0,"",SUM(D20:K20)) -> 28 | M20: =IF(L20="","",TEXT(L20/40,"0%")) -> 70%
A21: CES/ILR/26S1916 | B21: =IFERROR(VLOOKUP(A21,'👥 All Students'!$A:$C,2,0),"") -> 0 | C21: =IFERROR(VLOOKUP(A21,'👥 All Students'!$A:$C,3,0),"") -> 0 | D21: 4.5 | E21: 4 | F21: 2 | G21: 4 | H21: 3 | I21: 3 | J21: 3 | K21: 5 | L21: =IF(COUNTA(D21:K21)=0,"",SUM(D21:K21)) -> 28.5 | M21: =IF(L21="","",TEXT(L21/40,"0%")) -> 71%
A22: CES/ILR/26S1917 | B22: =IFERROR(VLOOKUP(A22,'👥 All Students'!$A:$C,2,0),"") -> 0 | C22: =IFERROR(VLOOKUP(A22,'👥 All Students'!$A:$C,3,0),"") -> 0 | D22: 4.5 | E22: 3 | F22: 5 | G22: 4 | H22: 3 | I22: 3.5 | J22: 2.5 | K22: 5 | L22: =IF(COUNTA(D22:K22)=0,"",SUM(D22:K22)) -> 30.5 | M22: =IF(L22="","",TEXT(L22/40,"0%")) -> 76%
A23: CES/ILR/26S1918 | B23: =IFERROR(VLOOKUP(A23,'👥 All Students'!$A:$C,2,0),"") -> 0 | C23: =IFERROR(VLOOKUP(A23,'👥 All Students'!$A:$C,3,0),"") -> 0 | D23: 4 | E23: 3.5 | F23: 3 | G23: 4 | H23: 2.5 | I23: 3.5 | J23: 3 | K23: 5 | L23: =IF(COUNTA(D23:K23)=0,"",SUM(D23:K23)) -> 28.5 | M23: =IF(L23="","",TEXT(L23/40,"0%")) -> 71%
... A27: CES/ILR/26S1922 | B27: =IFERROR(VLOOKUP(A27,'👥 All Students'!$A:$C,2,0),"") -> 0 | C27: =IFERROR(VLOOKUP(A27,'👥 All Students'!$A:$C,3,0),"") -> 0 | D27: 4 | E27: 2.5 | F27: 4 | G27: 3.5 | H27: 3 | I27: 4 | J27: 3 | K27: 4 | L27: =IF(COUNTA(D27:K27)=0,"",SUM(D27:K27)) -> 28 | M27: =IF(L27="","",TEXT(L27/40,"0%")) -> 70%
A28: CES/ILR/26S1923 | B28: =IFERROR(VLOOKUP(A28,'👥 All Students'!$A:$C,2,0),"") -> 0 | C28: =IFERROR(VLOOKUP(A28,'👥 All Students'!$A:$C,3,0),"") -> 0 | D28: 4.5 | E28: 4 | F28: 4 | G28: 5 | L28: =IF(COUNTA(D28:K28)=0,"",SUM(D28:K28)) -> 17.5 | M28: =IF(L28="","",TEXT(L28/40,"0%")) -> 44%
A29: CES/ILR/26S1924 | B29: =IFERROR(VLOOKUP(A29,'👥 All Students'!$A:$C,2,0),"") -> 0 | C29: =IFERROR(VLOOKUP(A29,'👥 All Students'!$A:$C,3,0),"") -> 0 | D29: 3.5 | E29: 2.5 | F29: 4 | G29: 5 | H29: 3 | I29: 4 | J29: 1.5 | K29: 5 | L29: =IF(COUNTA(D29:K29)=0,"",SUM(D29:K29)) -> 28.5 | M29: =IF(L29="","",TEXT(L29/40,"0%")) -> 71%
A30: CES/ILR/26S1925 | B30: =IFERROR(VLOOKUP(A30,'👥 All Students'!$A:$C,2,0),"") -> 0 | C30: =IFERROR(VLOOKUP(A30,'👥 All Students'!$A:$C,3,0),"") -> 0 | D30: 5 | E30: 4 | F30: 5 | G30: 5 | H30: 4 | I30: 4 | J30: 3 | K30: 5 | L30: =IF(COUNTA(D30:K30)=0,"",SUM(D30:K30)) -> 35 | M30: =IF(L30="","",TEXT(L30/40,"0%")) -> 88%
A31: CES/ILR/26S1926 | B31: =IFERROR(VLOOKUP(A31,'👥 All Students'!$A:$C,2,0),"") | C31: =IFERROR(VLOOKUP(A31,'👥 All Students'!$A:$C,3,0),"") | L31: =IF(COUNTA(D31:K31)=0,"",SUM(D31:K31)) | M31: =IF(L31="","",TEXT(L31/40,"0%"))
A32: CES/ILR/26S1927 | B32: =IFERROR(VLOOKUP(A32,'👥 All Students'!$A:$C,2,0),"") -> 0 | C32: =IFERROR(VLOOKUP(A32,'👥 All Students'!$A:$C,3,0),"") -> 0 | D32: 5 | E32: 5 | F32: 5 | G32: 5 | H32: 3 | I32: 4 | J32: 4 | K32: 5 | L32: =IF(COUNTA(D32:K32)=0,"",SUM(D32:K32)) -> 36 | M32: =IF(L32="","",TEXT(L32/40,"0%")) -> 90%
A33: CES/ILR/26S1928 | B33: =IFERROR(VLOOKUP(A33,'👥 All Students'!$A:$C,2,0),"") -> 0 | C33: =IFERROR(VLOOKUP(A33,'👥 All Students'!$A:$C,3,0),"") -> 0 | D33: 5 | E33: 5 | F33: 4 | G33: 5 | H33: 3 | I33: 5 | J33: 4 | K33: 5 | L33: =IF(COUNTA(D33:K33)=0,"",SUM(D33:K33)) -> 36 | M33: =IF(L33="","",TEXT(L33/40,"0%")) -> 90%
A34: CES/ILR/26S1929 | B34: =IFERROR(VLOOKUP(A34,'👥 All Students'!$A:$C,2,0),"") -> 0 | C34: =IFERROR(VLOOKUP(A34,'👥 All Students'!$A:$C,3,0),"") -> 0 | D34: 5 | E34: 3.5 | F34: 5 | G34: 5 | H34: 2 | I34: 4 | J34: 4 | K34: 5 | L34: =IF(COUNTA(D34:K34)=0,"",SUM(D34:K34)) -> 33.5 | M34: =IF(L34="","",TEXT(L34/40,"0%")) -> 84%
A35: CES/ILR/26S1930 | B35: =IFERROR(VLOOKUP(A35,'👥 All Students'!$A:$C,2,0),"") -> 0 | C35: =IFERROR(VLOOKUP(A35,'👥 All Students'!$A:$C,3,0),"") -> 0 | D35: 4.5 | E35: 3 | H35: 4 | I35: 3 | J35: 4 | K35: 5 | L35: =IF(COUNTA(D35:K35)=0,"",SUM(D35:K35)) -> 23.5 | M35: =IF(L35="","",TEXT(L35/40,"0%")) -> 59%
A36: CES/ILR/26S1931 | B36: =IFERROR(VLOOKUP(A36,'👥 All Students'!$A:$C,2,0),"") -> 0 | C36: =IFERROR(VLOOKUP(A36,'👥 All Students'!$A:$C,3,0),"") -> 0 | D36: 4 | E36: 4.5 | F36: 4 | G36: 4 | H36: 3 | I36: 4 | J36: 4 | K36: 5 | L36: =IF(COUNTA(D36:K36)=0,"",SUM(D36:K36)) -> 32.5 | M36: =IF(L36="","",TEXT(L36/40,"0%")) -> 81%
A37: CES/ILR/26S1932 | B37: =IFERROR(VLOOKUP(A37,'👥 All Students'!$A:$C,2,0),"") -> 0 | C37: =IFERROR(VLOOKUP(A37,'👥 All Students'!$A:$C,3,0),"") -> 0 | D37: 4 | E37: 4 | F37: 2 | G37: 4 | H37: 3 | I37: 4 | J37: 3 | K37: 4.5 | L37: =IF(COUNTA(D37:K37)=0,"",SUM(D37:K37)) -> 28.5 | M37: =IF(L37="","",TEXT(L37/40,"0%")) -> 71%
A38: CES/ILR/26S1933 | B38: =IFERROR(VLOOKUP(A38,'👥 All Students'!$A:$C,2,0),"") -> 0 | C38: =IFERROR(VLOOKUP(A38,'👥 All Students'!$A:$C,3,0),"") -> 0 | D38: 4 | E38: 3 | F38: 2 | G38: 4 | H38: 5 | I38: 4 | J38: 4 | K38: 5 | L38: =IF(COUNTA(D38:K38)=0,"",SUM(D38:K38)) -> 31 | M38: =IF(L38="","",TEXT(L38/40,"0%")) -> 78%
A39: CES/ILR/26S1934 | B39: =IFERROR(VLOOKUP(A39,'👥 All Students'!$A:$C,2,0),"") -> 0 | C39: =IFERROR(VLOOKUP(A39,'👥 All Students'!$A:$C,3,0),"") -> 0 | D39: 5 | E39: 4.5 | F39: 5 | G39: 5 | H39: 4 | I39: 4 | J39: 5 | K39: 5 | L39: =IF(COUNTA(D39:K39)=0,"",SUM(D39:K39)) -> 37.5 | M39: =IF(L39="","",TEXT(L39/40,"0%")) -> 94%
A40: CES/ILR/26S1935 | B40: =IFERROR(VLOOKUP(A40,'👥 All Students'!$A:$C,2,0),"") -> 0 | C40: =IFERROR(VLOOKUP(A40,'👥 All Students'!$A:$C,3,0),"") -> 0 | D40: 4.5 | E40: 3.5 | F40: 5 | G40: 5 | H40: 5 | I40: 4 | J40: 4.5 | K40: 5 | L40: =IF(COUNTA(D40:K40)=0,"",SUM(D40:K40)) -> 36.5 | M40: =IF(L40="","",TEXT(L40/40,"0%")) -> 91%
A41: CES/ILR/26S1936 | B41: =IFERROR(VLOOKUP(A41,'👥 All Students'!$A:$C,2,0),"") -> 0 | C41: =IFERROR(VLOOKUP(A41,'👥 All Students'!$A:$C,3,0),"") -> 0 | D41: 4 | E41: 2 | F41: 2.5 | G41: 2 | H41: 4 | I41: 3 | J41: 1 | K41: 4 | L41: =IF(COUNTA(D41:K41)=0,"",SUM(D41:K41)) -> 22.5 | M41: =IF(L41="","",TEXT(L41/40,"0%")) -> 56%
A42: CES/ILR/26S1937 | B42: =IFERROR(VLOOKUP(A42,'👥 All Students'!$A:$C,2,0),"") -> 0 | C42: =IFERROR(VLOOKUP(A42,'👥 All Students'!$A:$C,3,0),"") -> 0 | D42: 5 | E42: 4.5 | F42: 5 | G42: 4 | H42: 5 | I42: 5 | J42: 4 | K42: 5 | L42: =IF(COUNTA(D42:K42)=0,"",SUM(D42:K42)) -> 37.5 | M42: =IF(L42="","",TEXT(L42/40,"0%")) -> 94%
A43: CES/ILR/26S1938 | B43: =IFERROR(VLOOKUP(A43,'👥 All Students'!$A:$C,2,0),"") -> 0 | C43: =IFERROR(VLOOKUP(A43,'👥 All Students'!$A:$C,3,0),"") -> 0 | D43: 3 | E43: 4 | F43: 1 | G43: 3 | H43: 4 | I43: 4 | J43: 4 | K43: 5 | L43: =IF(COUNTA(D43:K43)=0,"",SUM(D43:K43)) -> 28 | M43: =IF(L43="","",TEXT(L43/40,"0%")) -> 70%
A44: CES/ILR/26S1939 | B44: =IFERROR(VLOOKUP(A44,'👥 All Students'!$A:$C,2,0),"") -> 0 | C44: =IFERROR(VLOOKUP(A44,'👥 All Students'!$A:$C,3,0),"") -> 0 | D44: 5 | E44: 2.5 | F44: 5 | G44: 4 | H44: 2 | I44: 3 | J44: 5 | K44: 5 | L44: =IF(COUNTA(D44:K44)=0,"",SUM(D44:K44)) -> 31.5 | M44: =IF(L44="","",TEXT(L44/40,"0%")) -> 79%
A45: CES/ILR/26S1940 | B45: =IFERROR(VLOOKUP(A45,'👥 All Students'!$A:$C,2,0),"") -> 0 | C45: =IFERROR(VLOOKUP(A45,'👥 All Students'!$A:$C,3,0),"") -> 0 | D45: 3.5 | E45: 3.5 | F45: 4 | G45: 5 | H45: 3 | I45: 3 | J45: 4 | K45: 5 | L45: =IF(COUNTA(D45:K45)=0,"",SUM(D45:K45)) -> 31 | M45: =IF(L45="","",TEXT(L45/40,"0%")) -> 78%
A46: CES/ILR/26S1941 | B46: =IFERROR(VLOOKUP(A46,'👥 All Students'!$A:$C,2,0),"") -> 0 | C46: =IFERROR(VLOOKUP(A46,'👥 All Students'!$A:$C,3,0),"") -> 0 | D46: 2.5 | E46: 1 | F46: 3 | G46: 1 | H46: 1 | I46: 1 | J46: 1.5 | K46: 4 | L46: =IF(COUNTA(D46:K46)=0,"",SUM(D46:K46)) -> 15 | M46: =IF(L46="","",TEXT(L46/40,"0%")) -> 38%
A47: CES/ILR/26S1942 | B47: =IFERROR(VLOOKUP(A47,'👥 All Students'!$A:$C,2,0),"") -> 0 | C47: =IFERROR(VLOOKUP(A47,'👥 All Students'!$A:$C,3,0),"") -> 0 | D47: 4 | E47: 1 | F47: 5 | G47: 5 | H47: 2 | I47: 2.2 | J47: 3 | K47: 4.5 | L47: =IF(COUNTA(D47:K47)=0,"",SUM(D47:K47)) -> 26.7 | M47: =IF(L47="","",TEXT(L47/40,"0%")) -> 67%
... A52: CES/ILR/26S1947 | B52: =IFERROR(VLOOKUP(A52,'👥 All Students'!$A:$C,2,0),"") -> 0 | C52: =IFERROR(VLOOKUP(A52,'👥 All Students'!$A:$C,3,0),"") -> 0 | D52: 5 | E52: 3.5 | F52: 4 | G52: 5 | H52: 3 | I52: 4 | J52: 5 | K52: 4.5 | L52: =IF(COUNTA(D52:K52)=0,"",SUM(D52:K52)) -> 34 | M52: =IF(L52="","",TEXT(L52/40,"0%")) -> 85%
A53: CES/ILR/26S1948 | B53: =IFERROR(VLOOKUP(A53,'👥 All Students'!$A:$C,2,0),"") -> 0 | C53: =IFERROR(VLOOKUP(A53,'👥 All Students'!$A:$C,3,0),"") -> 0 | D53: 5 | E53: 4 | F53: 5 | G53: 4 | L53: =IF(COUNTA(D53:K53)=0,"",SUM(D53:K53)) -> 18 | M53: =IF(L53="","",TEXT(L53/40,"0%")) -> 45%
A54: CES/ILR/26S1949 | B54: =IFERROR(VLOOKUP(A54,'👥 All Students'!$A:$C,2,0),"") -> 0 | C54: =IFERROR(VLOOKUP(A54,'👥 All Students'!$A:$C,3,0),"") -> 0 | D54: 5 | E54: 4 | F54: 4 | G54: 5 | H54: 3 | I54: 2.5 | J54: 2.5 | K54: 4 | L54: =IF(COUNTA(D54:K54)=0,"",SUM(D54:K54)) -> 30 | M54: =IF(L54="","",TEXT(L54/40,"0%")) -> 75%
A55: CES/ILR/26S1950 | B55: =IFERROR(VLOOKUP(A55,'👥 All Students'!$A:$C,2,0),"") -> 0 | C55: =IFERROR(VLOOKUP(A55,'👥 All Students'!$A:$C,3,0),"") -> 0 | D55: 5 | E55: 4.5 | F55: 5 | G55: 4 | H55: 3 | I55: 3 | J55: 4 | K55: 5 | L55: =IF(COUNTA(D55:K55)=0,"",SUM(D55:K55)) -> 33.5 | M55: =IF(L55="","",TEXT(L55/40,"0%")) -> 84%
A56: CES/ILR/26S1951 | B56: =IFERROR(VLOOKUP(A56,'👥 All Students'!$A:$C,2,0),"") -> 0 | C56: =IFERROR(VLOOKUP(A56,'👥 All Students'!$A:$C,3,0),"") -> 0 | D56: 4.5 | E56: 4 | F56: 5 | G56: 5 | H56: 3 | I56: 3 | J56: 3.5 | K56: 5 | L56: =IF(COUNTA(D56:K56)=0,"",SUM(D56:K56)) -> 33 | M56: =IF(L56="","",TEXT(L56/40,"0%")) -> 83%
A57: CES/ILR/26S1952 | B57: =IFERROR(VLOOKUP(A57,'👥 All Students'!$A:$C,2,0),"") | C57: =IFERROR(VLOOKUP(A57,'👥 All Students'!$A:$C,3,0),"") | L57: =IF(COUNTA(D57:K57)=0,"",SUM(D57:K57)) | M57: =IF(L57="","",TEXT(L57/40,"0%"))
A58: CES/ILR/26S1953 | B58: =IFERROR(VLOOKUP(A58,'👥 All Students'!$A:$C,2,0),"") -> 0 | C58: =IFERROR(VLOOKUP(A58,'👥 All Students'!$A:$C,3,0),"") -> 0 | D58: 4 | E58: 4 | F58: 5 | G58: 4 | H58: 3 | I58: 3 | J58: 2 | K58: 5 | L58: =IF(COUNTA(D58:K58)=0,"",SUM(D58:K58)) -> 30 | M58: =IF(L58="","",TEXT(L58/40,"0%")) -> 75%
A59: CES/ILR/26S1954 | B59: =IFERROR(VLOOKUP(A59,'👥 All Students'!$A:$C,2,0),"") -> 0 | C59: =IFERROR(VLOOKUP(A59,'👥 All Students'!$A:$C,3,0),"") -> 0 | D59: 1 | E59: 2 | F59: 2 | G59: 1 | L59: =IF(COUNTA(D59:K59)=0,"",SUM(D59:K59)) -> 6 | M59: =IF(L59="","",TEXT(L59/40,"0%")) -> 15%
A60: CES/ILR/26S1955 | B60: =IFERROR(VLOOKUP(A60,'👥 All Students'!$A:$C,2,0),"") -> 0 | C60: =IFERROR(VLOOKUP(A60,'👥 All Students'!$A:$C,3,0),"") -> 0 | D60: 3 | E60: 4.5 | F60: 5 | G60: 2 | H60: 3 | I60: 4 | J60: 3 | K60: 5 | L60: =IF(COUNTA(D60:K60)=0,"",SUM(D60:K60)) -> 29.5 | M60: =IF(L60="","",TEXT(L60/40,"0%")) -> 74%
A61: CES/ILR/26S1956 | B61: =IFERROR(VLOOKUP(A61,'👥 All Students'!$A:$C,2,0),"") -> 0 | C61: =IFERROR(VLOOKUP(A61,'👥 All Students'!$A:$C,3,0),"") -> 0 | D61: 5 | E61: 3.5 | F61: 5 | G61: 5 | H61: 4 | I61: 5 | J61: 4 | K61: 5 | L61: =IF(COUNTA(D61:K61)=0,"",SUM(D61:K61)) -> 36.5 | M61: =IF(L61="","",TEXT(L61/40,"0%")) -> 91%
A62: CES/ILR/26S1957 | B62: =IFERROR(VLOOKUP(A62,'👥 All Students'!$A:$C,2,0),"") | C62: =IFERROR(VLOOKUP(A62,'👥 All Students'!$A:$C,3,0),"") | D62: 3 | E62: 1.5 | F62: 5 | G62: 5 | H62: 3 | I62: 3 | J62: 3 | K62: 4 | L62: =IF(COUNTA(D62:K62)=0,"",SUM(D62:K62)) -> 27.5 | M62: =IF(L62="","",TEXT(L62/40,"0%")) -> 69%
A63: CES/ILR/26S1958 | B63: =IFERROR(VLOOKUP(A63,'👥 All Students'!$A:$C,2,0),"") | C63: =IFERROR(VLOOKUP(A63,'👥 All Students'!$A:$C,3,0),"") | D63: 4 | E63: 4 | F63: 4 | G63: 4 | H63: 4 | I63: 3 | J63: 4 | K63: 5 | L63: =IF(COUNTA(D63:K63)=0,"",SUM(D63:K63)) -> 32 | M63: =IF(L63="","",TEXT(L63/40,"0%")) -> 80%
A64: CES/ILR/26S1959 | B64: =IFERROR(VLOOKUP(A64,'👥 All Students'!$A:$C,2,0),"") | C64: =IFERROR(VLOOKUP(A64,'👥 All Students'!$A:$C,3,0),"") | D64: 5 | E64: 3.5 | F64: 4 | G64: 4 | H64: 3.5 | I64: 3.5 | J64: 4 | K64: 5 | L64: =IF(COUNTA(D64:K64)=0,"",SUM(D64:K64)) -> 32.5 | M64: =IF(L64="","",TEXT(L64/40,"0%")) -> 81%
A65: CES/ILR/26S1960 | B65: =IFERROR(VLOOKUP(A65,'👥 All Students'!$A:$C,2,0),"") | C65: =IFERROR(VLOOKUP(A65,'👥 All Students'!$A:$C,3,0),"") | D65: 5 | E65: 4 | F65: 3 | G65: 5 | H65: 2 | I65: 4 | J65: 4 | K65: 5 | L65: =IF(COUNTA(D65:K65)=0,"",SUM(D65:K65)) -> 32 | M65: =IF(L65="","",TEXT(L65/40,"0%")) -> 80%
A66: CES/ILR/26S1961 | B66: =IFERROR(VLOOKUP(A66,'👥 All Students'!$A:$C,2,0),"") | C66: =IFERROR(VLOOKUP(A66,'👥 All Students'!$A:$C,3,0),"") | D66: 5 | E66: 5 | F66: 5 | G66: 5 | H66: 3 | I66: 4 | J66: 4 | K66: 5 | L66: =IF(COUNTA(D66:K66)=0,"",SUM(D66:K66)) -> 36 | M66: =IF(L66="","",TEXT(L66/40,"0%")) -> 90%
A67: CES/ILR/26S1962 | B67: =IFERROR(VLOOKUP(A67,'👥 All Students'!$A:$C,2,0),"") | C67: =IFERROR(VLOOKUP(A67,'👥 All Students'!$A:$C,3,0),"") | D67: 5 | E67: 2 | F67: 5 | G67: 5 | H67: 2 | I67: 2 | J67: 4 | K67: 5 | L67: =IF(COUNTA(D67:K67)=0,"",SUM(D67:K67)) -> 30 | M67: =IF(L67="","",TEXT(L67/40,"0%")) -> 75%
A68: CES/ILR/26S1963 | B68: =IFERROR(VLOOKUP(A68,'👥 All Students'!$A:$C,2,0),"") | C68: =IFERROR(VLOOKUP(A68,'👥 All Students'!$A:$C,3,0),"") | D68: 4.5 | E68: 4.5 | F68: 5 | G68: 5 | H68: 1 | I68: 3 | J68: 5 | K68: 4 | L68: =IF(COUNTA(D68:K68)=0,"",SUM(D68:K68)) -> 32 | M68: =IF(L68="","",TEXT(L68/40,"0%")) -> 80%
A69: CES/ILR/26S1964 | B69: =IFERROR(VLOOKUP(A69,'👥 All Students'!$A:$C,2,0),"") | C69: =IFERROR(VLOOKUP(A69,'👥 All Students'!$A:$C,3,0),"") | L69: =IF(COUNTA(D69:K69)=0,"",SUM(D69:K69)) | M69: =IF(L69="","",TEXT(L69/40,"0%"))
A70: CES/ILR/26S1965 | B70: =IFERROR(VLOOKUP(A70,'👥 All Students'!$A:$C,2,0),"") -> 0 | C70: =IFERROR(VLOOKUP(A70,'👥 All Students'!$A:$C,3,0),"") -> 0 | D70: 3 | E70: 3 | F70: 4 | G70: 4 | H70: 1 | I70: 1 | L70: =IF(COUNTA(D70:K70)=0,"",SUM(D70:K70)) -> 16 | M70: =IF(L70="","",TEXT(L70/40,"0%")) -> 40%
A71: CES/ILR/26S1966 | B71: =IFERROR(VLOOKUP(A71,'👥 All Students'!$A:$C,2,0),"") | C71: =IFERROR(VLOOKUP(A71,'👥 All Students'!$A:$C,3,0),"") | L71: =IF(COUNTA(D71:K71)=0,"",SUM(D71:K71)) | M71: =IF(L71="","",TEXT(L71/40,"0%"))
A72: CES/ILR/26S1967 | B72: =IFERROR(VLOOKUP(A72,'👥 All Students'!$A:$C,2,0),"") -> 0 | C72: =IFERROR(VLOOKUP(A72,'👥 All Students'!$A:$C,3,0),"") -> 0 | D72: 3.5 | E72: 3 | J72: 4 | K72: 4.5 | L72: =IF(COUNTA(D72:K72)=0,"",SUM(D72:K72)) -> 15 | M72: =IF(L72="","",TEXT(L72/40,"0%")) -> 38%
A73: CES/ILR/26S1968 | B73: =IFERROR(VLOOKUP(A73,'👥 All Students'!$A:$C,2,0),"") -> 0 | C73: =IFERROR(VLOOKUP(A73,'👥 All Students'!$A:$C,3,0),"") -> 0 | D73: 5 | E73: 3.5 | F73: 4 | G73: 5 | H73: 4 | I73: 5 | J73: 4 | K73: 5 | L73: =IF(COUNTA(D73:K73)=0,"",SUM(D73:K73)) -> 35.5 | M73: =IF(L73="","",TEXT(L73/40,"0%")) -> 89%
A74: CES/ILR/26S1969 | B74: =IFERROR(VLOOKUP(A74,'👥 All Students'!$A:$C,2,0),"") | C74: =IFERROR(VLOOKUP(A74,'👥 All Students'!$A:$C,3,0),"") | L74: =IF(COUNTA(D74:K74)=0,"",SUM(D74:K74)) | M74: =IF(L74="","",TEXT(L74/40,"0%"))
A75: CES/ILR/26S1970 | B75: =IFERROR(VLOOKUP(A75,'👥 All Students'!$A:$C,2,0),"") -> 0 | C75: =IFERROR(VLOOKUP(A75,'👥 All Students'!$A:$C,3,0),"") -> 0 | D75: 3.5 | E75: 2.5 | F75: 3 | G75: 4 | H75: 3 | I75: 4 | J75: 1.5 | K75: 5 | L75: =IF(COUNTA(D75:K75)=0,"",SUM(D75:K75)) -> 26.5 | M75: =IF(L75="","",TEXT(L75/40,"0%")) -> 66%
A76: CES/ILR/26S1971 | B76: =IFERROR(VLOOKUP(A76,'👥 All Students'!$A:$C,2,0),"") | C76: =IFERROR(VLOOKUP(A76,'👥 All Students'!$A:$C,3,0),"") | L76: =IF(COUNTA(D76:K76)=0,"",SUM(D76:K76)) | M76: =IF(L76="","",TEXT(L76/40,"0%"))
A77: CES/ILR/26S1972 | B77: =IFERROR(VLOOKUP(A77,'👥 All Students'!$A:$C,2,0),"") -> 0 | C77: =IFERROR(VLOOKUP(A77,'👥 All Students'!$A:$C,3,0),"") -> 0 | D77: 3.5 | E77: 2.5 | F77: 4 | G77: 3.5 | H77: 4 | I77: 4 | J77: 4 | K77: 5 | L77: =IF(COUNTA(D77:K77)=0,"",SUM(D77:K77)) -> 30.5 | M77: =IF(L77="","",TEXT(L77/40,"0%")) -> 76%
A78: CES/ILR/26S1973 | B78: =IFERROR(VLOOKUP(A78,'👥 All Students'!$A:$C,2,0),"") | C78: =IFERROR(VLOOKUP(A78,'👥 All Students'!$A:$C,3,0),"") | L78: =IF(COUNTA(D78:K78)=0,"",SUM(D78:K78)) | M78: =IF(L78="","",TEXT(L78/40,"0%"))
A79: CES/ILR/26S1974 | B79: =IFERROR(VLOOKUP(A79,'👥 All Students'!$A:$C,2,0),"") -> 0 | C79: =IFERROR(VLOOKUP(A79,'👥 All Students'!$A:$C,3,0),"") -> 0 | D79: 3 | E79: 3 | L79: =IF(COUNTA(D79:K79)=0,"",SUM(D79:K79)) -> 6 | M79: =IF(L79="","",TEXT(L79/40,"0%")) -> 15%
A80: CES/ILR/2026D/423 | B80: =IFERROR(VLOOKUP(A80,'👥 All Students'!$A:$C,2,0),"") | C80: =IFERROR(VLOOKUP(A80,'👥 All Students'!$A:$C,3,0),"") | F80: 5 | G80: 3.5 | H80: 3 | I80: 4.5 | L80: =IF(COUNTA(D80:K80)=0,"",SUM(D80:K80)) -> 16 | M80: =IF(L80="","",TEXT(L80/40,"0%")) -> 40%
A81: CES/ILR/26H801 | B81: =IFERROR(VLOOKUP(A81,'👥 All Students'!$A:$C,2,0),"") -> 0 | C81: =IFERROR(VLOOKUP(A81,'👥 All Students'!$A:$C,3,0),"") -> 0 | D81: 4 | E81: 5 | F81: 5 | G81: 5 | H81: 2 | I81: 5 | J81: 4.5 | K81: 5 | L81: =IF(COUNTA(D81:K81)=0,"",SUM(D81:K81)) -> 35.5 | M81: =IF(L81="","",TEXT(L81/40,"0%")) -> 89%
A82: CES/ILR/26H802 | B82: =IFERROR(VLOOKUP(A82,'👥 All Students'!$A:$C,2,0),"") -> 0 | C82: =IFERROR(VLOOKUP(A82,'👥 All Students'!$A:$C,3,0),"") -> 0 | D82: 4 | E82: 5 | F82: 5 | G82: 5 | H82: 4 | I82: 4 | J82: 5 | K82: 5 | L82: =IF(COUNTA(D82:K82)=0,"",SUM(D82:K82)) -> 37 | M82: =IF(L82="","",TEXT(L82/40,"0%")) -> 93%
A83: CES/ILR/26H803 | B83: =IFERROR(VLOOKUP(A83,'👥 All Students'!$A:$C,2,0),"") -> 0 | C83: =IFERROR(VLOOKUP(A83,'👥 All Students'!$A:$C,3,0),"") -> 0 | D83: 3 | E83: 3 | H83: 0 | I83: 3 | L83: =IF(COUNTA(D83:K83)=0,"",SUM(D83:K83)) -> 9 | M83: =IF(L83="","",TEXT(L83/40,"0%")) -> 23%
A84: CES/ILR/26H804 | B84: =IFERROR(VLOOKUP(A84,'👥 All Students'!$A:$C,2,0),"") -> 0 | C84: =IFERROR(VLOOKUP(A84,'👥 All Students'!$A:$C,3,0),"") -> 0 | D84: 4 | E84: 5 | F84: 5 | G84: 4 | H84: 4 | I84: 5 | J84: 5 | K84: 3 | L84: =IF(COUNTA(D84:K84)=0,"",SUM(D84:K84)) -> 35 | M84: =IF(L84="","",TEXT(L84/40,"0%")) -> 88%
A85: CES/ILR/26H805 | B85: =IFERROR(VLOOKUP(A85,'👥 All Students'!$A:$C,2,0),"") -> 0 | C85: =IFERROR(VLOOKUP(A85,'👥 All Students'!$A:$C,3,0),"") -> 0 | D85: 3 | E85: 4 | F85: 2 | G85: 3 | H85: 3 | I85: 5 | J85: 3 | K85: 4 | L85: =IF(COUNTA(D85:K85)=0,"",SUM(D85:K85)) -> 27 | M85: =IF(L85="","",TEXT(L85/40,"0%")) -> 68%
A86: CES/ILR/26H806 | B86: =IFERROR(VLOOKUP(A86,'👥 All Students'!$A:$C,2,0),"") -> 0 | C86: =IFERROR(VLOOKUP(A86,'👥 All Students'!$A:$C,3,0),"") -> 0 | D86: 4 | E86: 4 | F86: 4 | G86: 4 | H86: 1.5 | I86: 5 | J86: 5 | K86: 4 | L86: =IF(COUNTA(D86:K86)=0,"",SUM(D86:K86)) -> 31.5 | M86: =IF(L86="","",TEXT(L86/40,"0%")) -> 79%
A87: CES/ILR/26H807 | B87: =IFERROR(VLOOKUP(A87,'👥 All Students'!$A:$C,2,0),"") -> 0 | C87: =IFERROR(VLOOKUP(A87,'👥 All Students'!$A:$C,3,0),"") -> 0 | D87: 5 | E87: 5 | F87: 5 | G87: 3 | H87: 5 | I87: 5 | J87: 5 | K87: 5 | L87: =IF(COUNTA(D87:K87)=0,"",SUM(D87:K87)) -> 38 | M87: =IF(L87="","",TEXT(L87/40,"0%")) -> 95%
A88: CES/ILR/26H808 | B88: =IFERROR(VLOOKUP(A88,'👥 All Students'!$A:$C,2,0),"") -> 0 | C88: =IFERROR(VLOOKUP(A88,'👥 All Students'!$A:$C,3,0),"") -> 0 | D88: 5 | E88: 4 | F88: 5 | G88: 5 | H88: 3 | I88: 3.5 | J88: 2 | K88: 3 | L88: =IF(COUNTA(D88:K88)=0,"",SUM(D88:K88)) -> 30.5 | M88: =IF(L88="","",TEXT(L88/40,"0%")) -> 76%
A89: CES/ILR/26H809 | B89: =IFERROR(VLOOKUP(A89,'👥 All Students'!$A:$C,2,0),"") -> 0 | C89: =IFERROR(VLOOKUP(A89,'👥 All Students'!$A:$C,3,0),"") -> 0 | D89: 4 | E89: 4 | F89: 5 | G89: 4 | H89: 3.5 | I89: 3 | J89: 5 | K89: 4 | L89: =IF(COUNTA(D89:K89)=0,"",SUM(D89:K89)) -> 32.5 | M89: =IF(L89="","",TEXT(L89/40,"0%")) -> 81%
A90: CES/ILR/26H810 | B90: =IFERROR(VLOOKUP(A90,'👥 All Students'!$A:$C,2,0),"") -> 0 | C90: =IFERROR(VLOOKUP(A90,'👥 All Students'!$A:$C,3,0),"") -> 0 | D90: 3 | E90: 4 | F90: 5 | G90: 4 | H90: 3 | I90: 5 | J90: 5 | K90: 3 | L90: =IF(COUNTA(D90:K90)=0,"",SUM(D90:K90)) -> 32 | M90: =IF(L90="","",TEXT(L90/40,"0%")) -> 80%
A91: CES/ILR/26H811 | B91: =IFERROR(VLOOKUP(A91,'👥 All Students'!$A:$C,2,0),"") -> 0 | C91: =IFERROR(VLOOKUP(A91,'👥 All Students'!$A:$C,3,0),"") -> 0 | D91: 4 | E91: 4 | F91: 4 | G91: 3 | H91: 1 | I91: 4.5 | J91: 5 | K91: 3 | L91: =IF(COUNTA(D91:K91)=0,"",SUM(D91:K91)) -> 28.5 | M91: =IF(L91="","",TEXT(L91/40,"0%")) -> 71%
A92: CES/ILR/26H812 | B92: =IFERROR(VLOOKUP(A92,'👥 All Students'!$A:$C,2,0),"") -> 0 | C92: =IFERROR(VLOOKUP(A92,'👥 All Students'!$A:$C,3,0),"") -> 0 | D92: 4 | E92: 5 | F92: 5 | G92: 4 | H92: 4 | I92: 5 | J92: 5 | K92: 5 | L92: =IF(COUNTA(D92:K92)=0,"",SUM(D92:K92)) -> 37 | M92: =IF(L92="","",TEXT(L92/40,"0%")) -> 93%
A93: CES/ILR/26H813 | B93: =IFERROR(VLOOKUP(A93,'👥 All Students'!$A:$C,2,0),"") -> 0 | C93: =IFERROR(VLOOKUP(A93,'👥 All Students'!$A:$C,3,0),"") -> 0 | D93: 4 | E93: 4 | F93: 4.5 | G93: 4 | H93: 2 | I93: 3.5 | J93: 2 | K93: 3 | L93: =IF(COUNTA(D93:K93)=0,"",SUM(D93:K93)) -> 27 | M93: =IF(L93="","",TEXT(L93/40,"0%")) -> 68%
A94: CES/ILR/26H814 | B94: =IFERROR(VLOOKUP(A94,'👥 All Students'!$A:$C,2,0),"") -> 0 | C94: =IFERROR(VLOOKUP(A94,'👥 All Students'!$A:$C,3,0),"") -> 0 | D94: 5 | E94: 3 | F94: 4.5 | G94: 5 | H94: 2 | I94: 5 | J94: 5 | K94: 4 | L94: =IF(COUNTA(D94:K94)=0,"",SUM(D94:K94)) -> 33.5 | M94: =IF(L94="","",TEXT(L94/40,"0%")) -> 84%
A95: CES/ILR/26H815 | B95: =IFERROR(VLOOKUP(A95,'👥 All Students'!$A:$C,2,0),"") -> 0 | C95: =IFERROR(VLOOKUP(A95,'👥 All Students'!$A:$C,3,0),"") -> 0 | D95: 4 | E95: 3 | F95: 5 | G95: 5 | H95: 5 | I95: 5 | J95: 5 | K95: 4 | L95: =IF(COUNTA(D95:K95)=0,"",SUM(D95:K95)) -> 36 | M95: =IF(L95="","",TEXT(L95/40,"0%")) -> 90%
A96: CES/ILR/26H816 | B96: =IFERROR(VLOOKUP(A96,'👥 All Students'!$A:$C,2,0),"") -> 0 | C96: =IFERROR(VLOOKUP(A96,'👥 All Students'!$A:$C,3,0),"") -> 0 | D96: 3 | E96: 3 | F96: 4 | G96: 2 | H96: 3.5 | I96: 1 | J96: 3 | K96: 3 | L96: =IF(COUNTA(D96:K96)=0,"",SUM(D96:K96)) -> 22.5 | M96: =IF(L96="","",TEXT(L96/40,"0%")) -> 56%
A97: CES/ILR/26H817 | B97: =IFERROR(VLOOKUP(A97,'👥 All Students'!$A:$C,2,0),"") -> 0 | C97: =IFERROR(VLOOKUP(A97,'👥 All Students'!$A:$C,3,0),"") -> 0 | D97: 3 | E97: 4 | H97: 1 | I97: 3 | J97: 3 | K97: 3 | L97: =IF(COUNTA(D97:K97)=0,"",SUM(D97:K97)) -> 17 | M97: =IF(L97="","",TEXT(L97/40,"0%")) -> 43%
A98: CES/ILR/26H818 | B98: =IFERROR(VLOOKUP(A98,'👥 All Students'!$A:$C,2,0),"") -> 0 | C98: =IFERROR(VLOOKUP(A98,'👥 All Students'!$A:$C,3,0),"") -> 0 | D98: 4 | E98: 5 | F98: 5 | G98: 5 | H98: 5 | I98: 5 | J98: 2.5 | K98: 4 | L98: =IF(COUNTA(D98:K98)=0,"",SUM(D98:K98)) -> 35.5 | M98: =IF(L98="","",TEXT(L98/40,"0%")) -> 89%
A99: CES/ILR/26H819 | B99: =IFERROR(VLOOKUP(A99,'👥 All Students'!$A:$C,2,0),"") -> 0 | C99: =IFERROR(VLOOKUP(A99,'👥 All Students'!$A:$C,3,0),"") -> 0 | D99: 3.5 | E99: 4 | F99: 4 | G99: 4 | H99: 2 | I99: 4 | J99: 3 | K99: 4 | L99: =IF(COUNTA(D99:K99)=0,"",SUM(D99:K99)) -> 28.5 | M99: =IF(L99="","",TEXT(L99/40,"0%")) -> 71%
A100: CES/ILR/26H820 | B100: =IFERROR(VLOOKUP(A100,'👥 All Students'!$A:$C,2,0),"") -> 0 | C100: =IFERROR(VLOOKUP(A100,'👥 All Students'!$A:$C,3,0),"") -> 0 | D100: 4 | E100: 4 | L100: =IF(COUNTA(D100:K100)=0,"",SUM(D100:K100)) -> 8 | M100: =IF(L100="","",TEXT(L100/40,"0%")) -> 20%
A101: CES/ILR/26H821 | B101: =IFERROR(VLOOKUP(A101,'👥 All Students'!$A:$C,2,0),"") -> 0 | C101: =IFERROR(VLOOKUP(A101,'👥 All Students'!$A:$C,3,0),"") -> 0 | D101: 5 | E101: 3 | F101: 3 | G101: 3 | H101: 0 | I101: 4 | J101: 4 | K101: 4 | L101: =IF(COUNTA(D101:K101)=0,"",SUM(D101:K101)) -> 26 | M101: =IF(L101="","",TEXT(L101/40,"0%")) -> 65%
A102: CES/ILR/26H822 | B102: =IFERROR(VLOOKUP(A102,'👥 All Students'!$A:$C,2,0),"") | C102: =IFERROR(VLOOKUP(A102,'👥 All Students'!$A:$C,3,0),"") | D102: 3.5 | E102: 3 | F102: 5 | G102: 3 | H102: 4 | I102: 5 | J102: 5 | K102: 4 | L102: =IF(COUNTA(D102:K102)=0,"",SUM(D102:K102)) -> 32.5 | M102: =IF(L102="","",TEXT(L102/40,"0%")) -> 81%
A103: CES/ILR/26H823 | B103: =IFERROR(VLOOKUP(A103,'👥 All Students'!$A:$C,2,0),"") | C103: =IFERROR(VLOOKUP(A103,'👥 All Students'!$A:$C,3,0),"") | D103: 5 | E103: 3 | F103: 4.5 | G103: 5 | H103: 5 | I103: 5 | J103: 5 | K103: 4 | L103: =IF(COUNTA(D103:K103)=0,"",SUM(D103:K103)) -> 36.5 | M103: =IF(L103="","",TEXT(L103/40,"0%")) -> 91%
A104: CES/ILR/26H824 | B104: =IFERROR(VLOOKUP(A104,'👥 All Students'!$A:$C,2,0),"") | C104: =IFERROR(VLOOKUP(A104,'👥 All Students'!$A:$C,3,0),"") | D104: 5 | E104: 4 | F104: 4 | G104: 3.5 | H104: 3 | I104: 5 | J104: 5 | K104: 5 | L104: =IF(COUNTA(D104:K104)=0,"",SUM(D104:K104)) -> 34.5 | M104: =IF(L104="","",TEXT(L104/40,"0%")) -> 86%
A105: CES/ILR/26H825 | B105: =IFERROR(VLOOKUP(A105,'👥 All Students'!$A:$C,2,0),"") | C105: =IFERROR(VLOOKUP(A105,'👥 All Students'!$A:$C,3,0),"") | D105: 5 | E105: 4.5 | F105: 5 | G105: 4 | H105: 2 | I105: 5 | J105: 5 | K105: 5 | L105: =IF(COUNTA(D105:K105)=0,"",SUM(D105:K105)) -> 35.5 | M105: =IF(L105="","",TEXT(L105/40,"0%")) -> 89%
A106: CES/ILR/26H826 | B106: =IFERROR(VLOOKUP(A106,'👥 All Students'!$A:$C,2,0),"") | C106: =IFERROR(VLOOKUP(A106,'👥 All Students'!$A:$C,3,0),"") | D106: 3 | E106: 3 | H106: 3 | I106: 5 | L106: =IF(COUNTA(D106:K106)=0,"",SUM(D106:K106)) -> 14 | M106: =IF(L106="","",TEXT(L106/40,"0%")) -> 35%
A107: CES/ILR/26H827 | B107: =IFERROR(VLOOKUP(A107,'👥 All Students'!$A:$C,2,0),"") | C107: =IFERROR(VLOOKUP(A107,'👥 All Students'!$A:$C,3,0),"") | D107: 4 | E107: 4 | F107: 5 | G107: 5 | H107: 1 | I107: 4.5 | J107: 4 | K107: 5 | L107: =IF(COUNTA(D107:K107)=0,"",SUM(D107:K107)) -> 32.5 | M107: =IF(L107="","",TEXT(L107/40,"0%")) -> 81%
...

Sheet 📄 S1 Exam
A1: 📄 S1 FINAL EXAM & ATTENDANCE | Exam max = 60 | 🔒 Computed columns are locked
A2: ⚠️ RULES: Exam score must be 0–60 (whole numbers only). Entering above 60 is BLOCKED. Attendance = dropdown. Purple/locked columns compute automatically.
A3: 🟡 Yellow = input cells (exam score + attendance) 🟣 Purple = auto-calculated, locked
A4: MAX → | D4: 60 | E4: Required | F4: Required
A5: Matric No. | B5: Surname | C5: First Name | D5: Final Exam (/60) | E5: Elementary Principles | F5: Membership & Vision Class | G5: Exam % | H5: Attendance Status | I5: Pass? (≥30) | J5: Notes
A6: CES/ILR/26S1901 | B6: =IFERROR(VLOOKUP(A6,'👥 All Students'!$A:$C,2,0),"") | C6: =IFERROR(VLOOKUP(A6,'👥 All Students'!$A:$C,3,0),"") | E6: Excused | F6: Excused | G6: =IF(D6="","",TEXT(D6/60,"0%")) | H6: =IF(AND(E6="",F6=""),"—",IF(AND(E6="Attended",F6="Attended"),"✅ Both Attended",IF(OR(E6="Attended",F6="Attended"),"⚠️ Partial","❌ Not Attended"))) -> ❌ Not Attended | I6: =IF(D6="","—",IF(D6>=30,"✅ Pass","❌ Fail")) -> —
A7: CES/ILR/26S1902 | B7: =IFERROR(VLOOKUP(A7,'👥 All Students'!$A:$C,2,0),"") -> 0 | C7: =IFERROR(VLOOKUP(A7,'👥 All Students'!$A:$C,3,0),"") -> 0 | D7: 51 | E7: Attended | F7: Not Attended | G7: =IF(D7="","",TEXT(D7/60,"0%")) -> 85% | H7: =IF(AND(E7="",F7=""),"—",IF(AND(E7="Attended",F7="Attended"),"✅ Both Attended",IF(OR(E7="Attended",F7="Attended"),"⚠️ Partial","❌ Not Attended"))) -> ⚠️ Partial | I7: =IF(D7="","—",IF(D7>=30,"✅ Pass","❌ Fail")) -> ✅ Pass
A8: CES/ILR/26S1903 | B8: =IFERROR(VLOOKUP(A8,'👥 All Students'!$A:$C,2,0),"") -> 0 | C8: =IFERROR(VLOOKUP(A8,'👥 All Students'!$A:$C,3,0),"") -> 0 | D8: 51 | E8: Attended | F8: Not Attended | G8: =IF(D8="","",TEXT(D8/60,"0%")) -> 85% | H8: =IF(AND(E8="",F8=""),"—",IF(AND(E8="Attended",F8="Attended"),"✅ Both Attended",IF(OR(E8="Attended",F8="Attended"),"⚠️ Partial","❌ Not Attended"))) -> ⚠️ Partial | I8: =IF(D8="","—",IF(D8>=30,"✅ Pass","❌ Fail")) -> ✅ Pass
A9: CES/ILR/26S1904 | B9: =IFERROR(VLOOKUP(A9,'👥 All Students'!$A:$C,2,0),"") -> 0 | C9: =IFERROR(VLOOKUP(A9,'👥 All Students'!$A:$C,3,0),"") -> 0 | D9: 51 | E9: Attended | F9: Not Attended | G9: =IF(D9="","",TEXT(D9/60,"0%")) -> 85% | H9: =IF(AND(E9="",F9=""),"—",IF(AND(E9="Attended",F9="Attended"),"✅ Both Attended",IF(OR(E9="Attended",F9="Attended"),"⚠️ Partial","❌ Not Attended"))) -> ⚠️ Partial | I9: =IF(D9="","—",IF(D9>=30,"✅ Pass","❌ Fail")) -> ✅ Pass
A10: CES/ILR/26S1905 | B10: =IFERROR(VLOOKUP(A10,'👥 All Students'!$A:$C,2,0),"") -> 0 | C10: =IFERROR(VLOOKUP(A10,'👥 All Students'!$A:$C,3,0),"") -> 0 | D10: 51 | E10: Attended | F10: Not Attended | G10: =IF(D10="","",TEXT(D10/60,"0%")) -> 85% | H10: =IF(AND(E10="",F10=""),"—",IF(AND(E10="Attended",F10="Attended"),"✅ Both Attended",IF(OR(E10="Attended",F10="Attended"),"⚠️ Partial","❌ Not Attended"))) -> ⚠️ Partial | I10: =IF(D10="","—",IF(D10>=30,"✅ Pass","❌ Fail")) -> ✅ Pass
A11: CES/ILR/26S1906 | B11: =IFERROR(VLOOKUP(A11,'👥 All Students'!$A:$C,2,0),"") -> 0 | C11: =IFERROR(VLOOKUP(A11,'👥 All Students'!$A:$C,3,0),"") -> 0 | D11: 51 | E11: Not Attended | F11: Not Attended | G11: =IF(D11="","",TEXT(D11/60,"0%")) -> 85% | H11: =IF(AND(E11="",F11=""),"—",IF(AND(E11="Attended",F11="Attended"),"✅ Both Attended",IF(OR(E11="Attended",F11="Attended"),"⚠️ Partial","❌ Not Attended"))) -> ❌ Not Attended | I11: =IF(D11="","—",IF(D11>=30,"✅ Pass","❌ Fail")) -> ✅ Pass
A12: CES/ILR/26S1907 | B12: =IFERROR(VLOOKUP(A12,'👥 All Students'!$A:$C,2,0),"") -> 0 | C12: =IFERROR(VLOOKUP(A12,'👥 All Students'!$A:$C,3,0),"") -> 0 | D12: 51 | E12: Attended | F12: Not Attended | G12: =IF(D12="","",TEXT(D12/60,"0%")) -> 85% | H12: =IF(AND(E12="",F12=""),"—",IF(AND(E12="Attended",F12="Attended"),"✅ Both Attended",IF(OR(E12="Attended",F12="Attended"),"⚠️ Partial","❌ Not Attended"))) -> ⚠️ Partial | I12: =IF(D12="","—",IF(D12>=30,"✅ Pass","❌ Fail")) -> ✅ Pass
A13: CES/ILR/26S1908 | B13: =IFERROR(VLOOKUP(A13,'👥 All Students'!$A:$C,2,0),"") -> 0 | C13: =IFERROR(VLOOKUP(A13,'👥 All Students'!$A:$C,3,0),"") -> 0 | D13: 51 | E13: Attended | F13: Not Attended | G13: =IF(D13="","",TEXT(D13/60,"0%")) -> 85% | H13: =IF(AND(E13="",F13=""),"—",IF(AND(E13="Attended",F13="Attended"),"✅ Both Attended",IF(OR(E13="Attended",F13="Attended"),"⚠️ Partial","❌ Not Attended"))) -> ⚠️ Partial | I13: =IF(D13="","—",IF(D13>=30,"✅ Pass","❌ Fail")) -> ✅ Pass
A14: CES/ILR/26S1909 | B14: =IFERROR(VLOOKUP(A14,'👥 All Students'!$A:$C,2,0),"") -> 0 | C14: =IFERROR(VLOOKUP(A14,'👥 All Students'!$A:$C,3,0),"") -> 0 | D14: 51 | E14: Attended | F14: Not Attended | G14: =IF(D14="","",TEXT(D14/60,"0%")) -> 85% | H14: =IF(AND(E14="",F14=""),"—",IF(AND(E14="Attended",F14="Attended"),"✅ Both Attended",IF(OR(E14="Attended",F14="Attended"),"⚠️ Partial","❌ Not Attended"))) -> ⚠️ Partial | I14: =IF(D14="","—",IF(D14>=30,"✅ Pass","❌ Fail")) -> ✅ Pass
A15: CES/ILR/26S1910 | B15: =IFERROR(VLOOKUP(A15,'👥 All Students'!$A:$C,2,0),"") -> 0 | C15: =IFERROR(VLOOKUP(A15,'👥 All Students'!$A:$C,3,0),"") -> 0 | D15: 51 | E15: Attended | F15: Not Attended | G15: =IF(D15="","",TEXT(D15/60,"0%")) -> 85% | H15: =IF(AND(E15="",F15=""),"—",IF(AND(E15="Attended",F15="Attended"),"✅ Both Attended",IF(OR(E15="Attended",F15="Attended"),"⚠️ Partial","❌ Not Attended"))) -> ⚠️ Partial | I15: =IF(D15="","—",IF(D15>=30,"✅ Pass","❌ Fail")) -> ✅ Pass
A16: CES/ILR/26S1911 | B16: =IFERROR(VLOOKUP(A16,'👥 All Students'!$A:$C,2,0),"") -> 0 | C16: =IFERROR(VLOOKUP(A16,'👥 All Students'!$A:$C,3,0),"") -> 0 | D16: 51 | E16: Attended | F16: Not Attended | G16: =IF(D16="","",TEXT(D16/60,"0%")) -> 85% | H16: =IF(AND(E16="",F16=""),"—",IF(AND(E16="Attended",F16="Attended"),"✅ Both Attended",IF(OR(E16="Attended",F16="Attended"),"⚠️ Partial","❌ Not Attended"))) -> ⚠️ Partial | I16: =IF(D16="","—",IF(D16>=30,"✅ Pass","❌ Fail")) -> ✅ Pass
A17: CES/ILR/26S1912 | B17: =IFERROR(VLOOKUP(A17,'👥 All Students'!$A:$C,2,0),"") -> 0 | C17: =IFERROR(VLOOKUP(A17,'👥 All Students'!$A:$C,3,0),"") -> 0 | D17: 51 | E17: Attended | F17: Not Attended | G17: =IF(D17="","",TEXT(D17/60,"0%")) -> 85% | H17: =IF(AND(E17="",F17=""),"—",IF(AND(E17="Attended",F17="Attended"),"✅ Both Attended",IF(OR(E17="Attended",F17="Attended"),"⚠️ Partial","❌ Not Attended"))) -> ⚠️ Partial | I17: =IF(D17="","—",IF(D17>=30,"✅ Pass","❌ Fail")) -> ✅ Pass
A18: CES/ILR/26S1913 | B18: =IFERROR(VLOOKUP(A18,'👥 All Students'!$A:$C,2,0),"") -> 0 | C18: =IFERROR(VLOOKUP(A18,'👥 All Students'!$A:$C,3,0),"") -> 0 | D18: 51 | E18: Attended | F18: Not Attended | G18: =IF(D18="","",TEXT(D18/60,"0%")) -> 85% | H18: =IF(AND(E18="",F18=""),"—",IF(AND(E18="Attended",F18="Attended"),"✅ Both Attended",IF(OR(E18="Attended",F18="Attended"),"⚠️ Partial","❌ Not Attended"))) -> ⚠️ Partial | I18: =IF(D18="","—",IF(D18>=30,"✅ Pass","❌ Fail")) -> ✅ Pass
... A27: CES/ILR/26S1922 | B27: =IFERROR(VLOOKUP(A27,'👥 All Students'!$A:$C,2,0),"") -> 0 | C27: =IFERROR(VLOOKUP(A27,'👥 All Students'!$A:$C,3,0),"") -> 0 | D27: 45 | E27: Attended | F27: Not Attended | G27: =IF(D27="","",TEXT(D27/60,"0%")) -> 75% | H27: =IF(AND(E27="",F27=""),"—",IF(AND(E27="Attended",F27="Attended"),"✅ Both Attended",IF(OR(E27="Attended",F27="Attended"),"⚠️ Partial","❌ Not Attended"))) -> ⚠️ Partial | I27: =IF(D27="","—",IF(D27>=30,"✅ Pass","❌ Fail")) -> ✅ Pass
A28: CES/ILR/26S1923 | B28: =IFERROR(VLOOKUP(A28,'👥 All Students'!$A:$C,2,0),"") -> 0 | C28: =IFERROR(VLOOKUP(A28,'👥 All Students'!$A:$C,3,0),"") -> 0 | E28: Not Attended | F28: Not Attended | G28: =IF(D28="","",TEXT(D28/60,"0%")) | H28: =IF(AND(E28="",F28=""),"—",IF(AND(E28="Attended",F28="Attended"),"✅ Both Attended",IF(OR(E28="Attended",F28="Attended"),"⚠️ Partial","❌ Not Attended"))) -> ❌ Not Attended | I28: =IF(D28="","—",IF(D28>=30,"✅ Pass","❌ Fail")) -> —
A29: CES/ILR/26S1924 | B29: =IFERROR(VLOOKUP(A29,'👥 All Students'!$A:$C,2,0),"") -> 0 | C29: =IFERROR(VLOOKUP(A29,'👥 All Students'!$A:$C,3,0),"") -> 0 | D29: 33.5 | E29: Attended | F29: Not Attended | G29: =IF(D29="","",TEXT(D29/60,"0%")) -> 56% | H29: =IF(AND(E29="",F29=""),"—",IF(AND(E29="Attended",F29="Attended"),"✅ Both Attended",IF(OR(E29="Attended",F29="Attended"),"⚠️ Partial","❌ Not Attended"))) -> ⚠️ Partial | I29: =IF(D29="","—",IF(D29>=30,"✅ Pass","❌ Fail")) -> ✅ Pass
A30: CES/ILR/26S1925 | B30: =IFERROR(VLOOKUP(A30,'👥 All Students'!$A:$C,2,0),"") -> 0 | C30: =IFERROR(VLOOKUP(A30,'👥 All Students'!$A:$C,3,0),"") -> 0 | D30: 51 | E30: Attended | F30: Not Attended | G30: =IF(D30="","",TEXT(D30/60,"0%")) -> 85% | H30: =IF(AND(E30="",F30=""),"—",IF(AND(E30="Attended",F30="Attended"),"✅ Both Attended",IF(OR(E30="Attended",F30="Attended"),"⚠️ Partial","❌ Not Attended"))) -> ⚠️ Partial | I30: =IF(D30="","—",IF(D30>=30,"✅ Pass","❌ Fail")) -> ✅ Pass
A31: CES/ILR/26S1926 | B31: =IFERROR(VLOOKUP(A31,'👥 All Students'!$A:$C,2,0),"") | C31: =IFERROR(VLOOKUP(A31,'👥 All Students'!$A:$C,3,0),"") | G31: =IF(D31="","",TEXT(D31/60,"0%")) | H31: =IF(AND(E31="",F31=""),"—",IF(AND(E31="Attended",F31="Attended"),"✅ Both Attended",IF(OR(E31="Attended",F31="Attended"),"⚠️ Partial","❌ Not Attended"))) -> — | I31: =IF(D31="","—",IF(D31>=30,"✅ Pass","❌ Fail")) -> —
A32: CES/ILR/26S1927 | B32: =IFERROR(VLOOKUP(A32,'👥 All Students'!$A:$C,2,0),"") -> 0 | C32: =IFERROR(VLOOKUP(A32,'👥 All Students'!$A:$C,3,0),"") -> 0 | E32: Attended | F32: Not Attended | G32: =IF(D32="","",TEXT(D32/60,"0%")) | H32: =IF(AND(E32="",F32=""),"—",IF(AND(E32="Attended",F32="Attended"),"✅ Both Attended",IF(OR(E32="Attended",F32="Attended"),"⚠️ Partial","❌ Not Attended"))) -> ⚠️ Partial | I32: =IF(D32="","—",IF(D32>=30,"✅ Pass","❌ Fail")) -> —
A33: CES/ILR/26S1928 | B33: =IFERROR(VLOOKUP(A33,'👥 All Students'!$A:$C,2,0),"") -> 0 | C33: =IFERROR(VLOOKUP(A33,'👥 All Students'!$A:$C,3,0),"") -> 0 | D33: 41 | E33: Attended | F33: Not Attended | G33: =IF(D33="","",TEXT(D33/60,"0%")) -> 68% | H33: =IF(AND(E33="",F33=""),"—",IF(AND(E33="Attended",F33="Attended"),"✅ Both Attended",IF(OR(E33="Attended",F33="Attended"),"⚠️ Partial","❌ Not Attended"))) -> ⚠️ Partial | I33: =IF(D33="","—",IF(D33>=30,"✅ Pass","❌ Fail")) -> ✅ Pass
A34: CES/ILR/26S1929 | B34: =IFERROR(VLOOKUP(A34,'👥 All Students'!$A:$C,2,0),"") -> 0 | C34: =IFERROR(VLOOKUP(A34,'👥 All Students'!$A:$C,3,0),"") -> 0 | D34: 38.5 | E34: Attended | F34: Not Attended | G34: =IF(D34="","",TEXT(D34/60,"0%")) -> 64% | H34: =IF(AND(E34="",F34=""),"—",IF(AND(E34="Attended",F34="Attended"),"✅ Both Attended",IF(OR(E34="Attended",F34="Attended"),"⚠️ Partial","❌ Not Attended"))) -> ⚠️ Partial | I34: =IF(D34="","—",IF(D34>=30,"✅ Pass","❌ Fail")) -> ✅ Pass
A35: CES/ILR/26S1930 | B35: =IFERROR(VLOOKUP(A35,'👥 All Students'!$A:$C,2,0),"") -> 0 | C35: =IFERROR(VLOOKUP(A35,'👥 All Students'!$A:$C,3,0),"") -> 0 | F35: Not Attended | G35: =IF(D35="","",TEXT(D35/60,"0%")) | H35: =IF(AND(E35="",F35=""),"—",IF(AND(E35="Attended",F35="Attended"),"✅ Both Attended",IF(OR(E35="Attended",F35="Attended"),"⚠️ Partial","❌ Not Attended"))) -> ❌ Not Attended | I35: =IF(D35="","—",IF(D35>=30,"✅ Pass","❌ Fail")) -> —
A36: CES/ILR/26S1931 | B36: =IFERROR(VLOOKUP(A36,'👥 All Students'!$A:$C,2,0),"") -> 0 | C36: =IFERROR(VLOOKUP(A36,'👥 All Students'!$A:$C,3,0),"") -> 0 | D36: 27 | E36: Attended | F36: Not Attended | G36: =IF(D36="","",TEXT(D36/60,"0%")) -> 45% | H36: =IF(AND(E36="",F36=""),"—",IF(AND(E36="Attended",F36="Attended"),"✅ Both Attended",IF(OR(E36="Attended",F36="Attended"),"⚠️ Partial","❌ Not Attended"))) -> ⚠️ Partial | I36: =IF(D36="","—",IF(D36>=30,"✅ Pass","❌ Fail")) -> ❌ Fail
A37: CES/ILR/26S1932 | B37: =IFERROR(VLOOKUP(A37,'👥 All Students'!$A:$C,2,0),"") -> 0 | C37: =IFERROR(VLOOKUP(A37,'👥 All Students'!$A:$C,3,0),"") -> 0 | D37: 21 | E37: Attended | F37: Not Attended | G37: =IF(D37="","",TEXT(D37/60,"0%")) -> 35% | H37: =IF(AND(E37="",F37=""),"—",IF(AND(E37="Attended",F37="Attended"),"✅ Both Attended",IF(OR(E37="Attended",F37="Attended"),"⚠️ Partial","❌ Not Attended"))) -> ⚠️ Partial | I37: =IF(D37="","—",IF(D37>=30,"✅ Pass","❌ Fail")) -> ❌ Fail
A38: CES/ILR/26S1933 | B38: =IFERROR(VLOOKUP(A38,'👥 All Students'!$A:$C,2,0),"") -> 0 | C38: =IFERROR(VLOOKUP(A38,'👥 All Students'!$A:$C,3,0),"") -> 0 | F38: Not Attended | G38: =IF(D38="","",TEXT(D38/60,"0%")) | H38: =IF(AND(E38="",F38=""),"—",IF(AND(E38="Attended",F38="Attended"),"✅ Both Attended",IF(OR(E38="Attended",F38="Attended"),"⚠️ Partial","❌ Not Attended"))) -> ❌ Not Attended | I38: =IF(D38="","—",IF(D38>=30,"✅ Pass","❌ Fail")) -> —
A39: CES/ILR/26S1934 | B39: =IFERROR(VLOOKUP(A39,'👥 All Students'!$A:$C,2,0),"") -> 0 | C39: =IFERROR(VLOOKUP(A39,'👥 All Students'!$A:$C,3,0),"") -> 0 | D39: 47 | E39: Attended | F39: Not Attended | G39: =IF(D39="","",TEXT(D39/60,"0%")) -> 78% | H39: =IF(AND(E39="",F39=""),"—",IF(AND(E39="Attended",F39="Attended"),"✅ Both Attended",IF(OR(E39="Attended",F39="Attended"),"⚠️ Partial","❌ Not Attended"))) -> ⚠️ Partial | I39: =IF(D39="","—",IF(D39>=30,"✅ Pass","❌ Fail")) -> ✅ Pass
A40: CES/ILR/26S1935 | B40: =IFERROR(VLOOKUP(A40,'👥 All Students'!$A:$C,2,0),"") -> 0 | C40: =IFERROR(VLOOKUP(A40,'👥 All Students'!$A:$C,3,0),"") -> 0 | D40: 44 | E40: Attended | F40: Not Attended | G40: =IF(D40="","",TEXT(D40/60,"0%")) -> 73% | H40: =IF(AND(E40="",F40=""),"—",IF(AND(E40="Attended",F40="Attended"),"✅ Both Attended",IF(OR(E40="Attended",F40="Attended"),"⚠️ Partial","❌ Not Attended"))) -> ⚠️ Partial | I40: =IF(D40="","—",IF(D40>=30,"✅ Pass","❌ Fail")) -> ✅ Pass
A41: CES/ILR/26S1936 | B41: =IFERROR(VLOOKUP(A41,'👥 All Students'!$A:$C,2,0),"") -> 0 | C41: =IFERROR(VLOOKUP(A41,'👥 All Students'!$A:$C,3,0),"") -> 0 | D41: 19.5 | E41: Attended | F41: Not Attended | G41: =IF(D41="","",TEXT(D41/60,"0%")) -> 33% | H41: =IF(AND(E41="",F41=""),"—",IF(AND(E41="Attended",F41="Attended"),"✅ Both Attended",IF(OR(E41="Attended",F41="Attended"),"⚠️ Partial","❌ Not Attended"))) -> ⚠️ Partial | I41: =IF(D41="","—",IF(D41>=30,"✅ Pass","❌ Fail")) -> ❌ Fail
A42: CES/ILR/26S1937 | B42: =IFERROR(VLOOKUP(A42,'👥 All Students'!$A:$C,2,0),"") -> 0 | C42: =IFERROR(VLOOKUP(A42,'👥 All Students'!$A:$C,3,0),"") -> 0 | E42: Attended | F42: Not Attended | G42: =IF(D42="","",TEXT(D42/60,"0%")) | H42: =IF(AND(E42="",F42=""),"—",IF(AND(E42="Attended",F42="Attended"),"✅ Both Attended",IF(OR(E42="Attended",F42="Attended"),"⚠️ Partial","❌ Not Attended"))) -> ⚠️ Partial | I42: =IF(D42="","—",IF(D42>=30,"✅ Pass","❌ Fail")) -> —
A43: CES/ILR/26S1938 | B43: =IFERROR(VLOOKUP(A43,'👥 All Students'!$A:$C,2,0),"") -> 0 | C43: =IFERROR(VLOOKUP(A43,'👥 All Students'!$A:$C,3,0),"") -> 0 | D43: 28 | E43: Attended | F43: Not Attended | G43: =IF(D43="","",TEXT(D43/60,"0%")) -> 47% | H43: =IF(AND(E43="",F43=""),"—",IF(AND(E43="Attended",F43="Attended"),"✅ Both Attended",IF(OR(E43="Attended",F43="Attended"),"⚠️ Partial","❌ Not Attended"))) -> ⚠️ Partial | I43: =IF(D43="","—",IF(D43>=30,"✅ Pass","❌ Fail")) -> ❌ Fail
A44: CES/ILR/26S1939 | B44: =IFERROR(VLOOKUP(A44,'👥 All Students'!$A:$C,2,0),"") -> 0 | C44: =IFERROR(VLOOKUP(A44,'👥 All Students'!$A:$C,3,0),"") -> 0 | D44: 35 | E44: Attended | F44: Not Attended | G44: =IF(D44="","",TEXT(D44/60,"0%")) -> 58% | H44: =IF(AND(E44="",F44=""),"—",IF(AND(E44="Attended",F44="Attended"),"✅ Both Attended",IF(OR(E44="Attended",F44="Attended"),"⚠️ Partial","❌ Not Attended"))) -> ⚠️ Partial | I44: =IF(D44="","—",IF(D44>=30,"✅ Pass","❌ Fail")) -> ✅ Pass
A45: CES/ILR/26S1940 | B45: =IFERROR(VLOOKUP(A45,'👥 All Students'!$A:$C,2,0),"") -> 0 | C45: =IFERROR(VLOOKUP(A45,'👥 All Students'!$A:$C,3,0),"") -> 0 | D45: 47 | E45: Attended | F45: Not Attended | G45: =IF(D45="","",TEXT(D45/60,"0%")) -> 78% | H45: =IF(AND(E45="",F45=""),"—",IF(AND(E45="Attended",F45="Attended"),"✅ Both Attended",IF(OR(E45="Attended",F45="Attended"),"⚠️ Partial","❌ Not Attended"))) -> ⚠️ Partial | I45: =IF(D45="","—",IF(D45>=30,"✅ Pass","❌ Fail")) -> ✅ Pass
A46: CES/ILR/26S1941 | B46: =IFERROR(VLOOKUP(A46,'👥 All Students'!$A:$C,2,0),"") -> 0 | C46: =IFERROR(VLOOKUP(A46,'👥 All Students'!$A:$C,3,0),"") -> 0 | F46: Not Attended | G46: =IF(D46="","",TEXT(D46/60,"0%")) | H46: =IF(AND(E46="",F46=""),"—",IF(AND(E46="Attended",F46="Attended"),"✅ Both Attended",IF(OR(E46="Attended",F46="Attended"),"⚠️ Partial","❌ Not Attended"))) -> ❌ Not Attended | I46: =IF(D46="","—",IF(D46>=30,"✅ Pass","❌ Fail")) -> —
A47: CES/ILR/26S1942 | B47: =IFERROR(VLOOKUP(A47,'👥 All Students'!$A:$C,2,0),"") -> 0 | C47: =IFERROR(VLOOKUP(A47,'👥 All Students'!$A:$C,3,0),"") -> 0 | D47: 34.5 | E47: Attended | F47: Not Attended | G47: =IF(D47="","",TEXT(D47/60,"0%")) -> 58% | H47: =IF(AND(E47="",F47=""),"—",IF(AND(E47="Attended",F47="Attended"),"✅ Both Attended",IF(OR(E47="Attended",F47="Attended"),"⚠️ Partial","❌ Not Attended"))) -> ⚠️ Partial | I47: =IF(D47="","—",IF(D47>=30,"✅ Pass","❌ Fail")) -> ✅ Pass
A48: CES/ILR/26S1943 | B48: =IFERROR(VLOOKUP(A48,'👥 All Students'!$A:$C,2,0),"") -> 0 | C48: =IFERROR(VLOOKUP(A48,'👥 All Students'!$A:$C,3,0),"") -> 0 | D48: 43 | E48: Attended | F48: Not Attended | G48: =IF(D48="","",TEXT(D48/60,"0%")) -> 72% | H48: =IF(AND(E48="",F48=""),"—",IF(AND(E48="Attended",F48="Attended"),"✅ Both Attended",IF(OR(E48="Attended",F48="Attended"),"⚠️ Partial","❌ Not Attended"))) -> ⚠️ Partial | I48: =IF(D48="","—",IF(D48>=30,"✅ Pass","❌ Fail")) -> ✅ Pass
A49: CES/ILR/26S1944 | B49: =IFERROR(VLOOKUP(A49,'👥 All Students'!$A:$C,2,0),"") -> 0 | C49: =IFERROR(VLOOKUP(A49,'👥 All Students'!$A:$C,3,0),"") -> 0 | D49: 40 | E49: Attended | F49: Not Attended | G49: =IF(D49="","",TEXT(D49/60,"0%")) -> 67% | H49: =IF(AND(E49="",F49=""),"—",IF(AND(E49="Attended",F49="Attended"),"✅ Both Attended",IF(OR(E49="Attended",F49="Attended"),"⚠️ Partial","❌ Not Attended"))) -> ⚠️ Partial | I49: =IF(D49="","—",IF(D49>=30,"✅ Pass","❌ Fail")) -> ✅ Pass
A50: CES/ILR/26S1945 | B50: =IFERROR(VLOOKUP(A50,'👥 All Students'!$A:$C,2,0),"") -> 0 | C50: =IFERROR(VLOOKUP(A50,'👥 All Students'!$A:$C,3,0),"") -> 0 | D50: 29 | F50: Not Attended | G50: =IF(D50="","",TEXT(D50/60,"0%")) -> 48% | H50: =IF(AND(E50="",F50=""),"—",IF(AND(E50="Attended",F50="Attended"),"✅ Both Attended",IF(OR(E50="Attended",F50="Attended"),"⚠️ Partial","❌ Not Attended"))) -> ❌ Not Attended | I50: =IF(D50="","—",IF(D50>=30,"✅ Pass","❌ Fail")) -> ❌ Fail
A51: CES/ILR/26S1946 | B51: =IFERROR(VLOOKUP(A51,'👥 All Students'!$A:$C,2,0),"") -> 0 | C51: =IFERROR(VLOOKUP(A51,'👥 All Students'!$A:$C,3,0),"") -> 0 | D51: 45 | E51: Attended | F51: Not Attended | G51: =IF(D51="","",TEXT(D51/60,"0%")) -> 75% | H51: =IF(AND(E51="",F51=""),"—",IF(AND(E51="Attended",F51="Attended"),"✅ Both Attended",IF(OR(E51="Attended",F51="Attended"),"⚠️ Partial","❌ Not Attended"))) -> ⚠️ Partial | I51: =IF(D51="","—",IF(D51>=30,"✅ Pass","❌ Fail")) -> ✅ Pass
A52: CES/ILR/26S1947 | B52: =IFERROR(VLOOKUP(A52,'👥 All Students'!$A:$C,2,0),"") -> 0 | C52: =IFERROR(VLOOKUP(A52,'👥 All Students'!$A:$C,3,0),"") -> 0 | D52: 36.5 | E52: Attended | F52: Not Attended | G52: =IF(D52="","",TEXT(D52/60,"0%")) -> 61% | H52: =IF(AND(E52="",F52=""),"—",IF(AND(E52="Attended",F52="Attended"),"✅ Both Attended",IF(OR(E52="Attended",F52="Attended"),"⚠️ Partial","❌ Not Attended"))) -> ⚠️ Partial | I52: =IF(D52="","—",IF(D52>=30,"✅ Pass","❌ Fail")) -> ✅ Pass
A53: CES/ILR/26S1948 | B53: =IFERROR(VLOOKUP(A53,'👥 All Students'!$A:$C,2,0),"") -> 0 | C53: =IFERROR(VLOOKUP(A53,'👥 All Students'!$A:$C,3,0),"") -> 0 | G53: =IF(D53="","",TEXT(D53/60,"0%")) | H53: =IF(AND(E53="",F53=""),"—",IF(AND(E53="Attended",F53="Attended"),"✅ Both Attended",IF(OR(E53="Attended",F53="Attended"),"⚠️ Partial","❌ Not Attended"))) -> — | I53: =IF(D53="","—",IF(D53>=30,"✅ Pass","❌ Fail")) -> —
A54: CES/ILR/26S1949 | B54: =IFERROR(VLOOKUP(A54,'👥 All Students'!$A:$C,2,0),"") -> 0 | C54: =IFERROR(VLOOKUP(A54,'👥 All Students'!$A:$C,3,0),"") -> 0 | D54: 40.5 | E54: Attended | F54: Not Attended | G54: =IF(D54="","",TEXT(D54/60,"0%")) -> 68% | H54: =IF(AND(E54="",F54=""),"—",IF(AND(E54="Attended",F54="Attended"),"✅ Both Attended",IF(OR(E54="Attended",F54="Attended"),"⚠️ Partial","❌ Not Attended"))) -> ⚠️ Partial | I54: =IF(D54="","—",IF(D54>=30,"✅ Pass","❌ Fail")) -> ✅ Pass
A55: CES/ILR/26S1950 | B55: =IFERROR(VLOOKUP(A55,'👥 All Students'!$A:$C,2,0),"") -> 0 | C55: =IFERROR(VLOOKUP(A55,'👥 All Students'!$A:$C,3,0),"") -> 0 | D55: 45 | E55: Attended | F55: Not Attended | G55: =IF(D55="","",TEXT(D55/60,"0%")) -> 75% | H55: =IF(AND(E55="",F55=""),"—",IF(AND(E55="Attended",F55="Attended"),"✅ Both Attended",IF(OR(E55="Attended",F55="Attended"),"⚠️ Partial","❌ Not Attended"))) -> ⚠️ Partial | I55: =IF(D55="","—",IF(D55>=30,"✅ Pass","❌ Fail")) -> ✅ Pass
A56: CES/ILR/26S1951 | B56: =IFERROR(VLOOKUP(A56,'👥 All Students'!$A:$C,2,0),"") -> 0 | C56: =IFERROR(VLOOKUP(A56,'👥 All Students'!$A:$C,3,0),"") -> 0 | D56: 45 | E56: Attended | F56: Not Attended | G56: =IF(D56="","",TEXT(D56/60,"0%")) -> 75% | H56: =IF(AND(E56="",F56=""),"—",IF(AND(E56="Attended",F56="Attended"),"✅ Both Attended",IF(OR(E56="Attended",F56="Attended"),"⚠️ Partial","❌ Not Attended"))) -> ⚠️ Partial | I56: =IF(D56="","—",IF(D56>=30,"✅ Pass","❌ Fail")) -> ✅ Pass
A57: CES/ILR/26S1952 | B57: =IFERROR(VLOOKUP(A57,'👥 All Students'!$A:$C,2,0),"") | C57: =IFERROR(VLOOKUP(A57,'👥 All Students'!$A:$C,3,0),"") | G57: =IF(D57="","",TEXT(D57/60,"0%")) | H57: =IF(AND(E57="",F57=""),"—",IF(AND(E57="Attended",F57="Attended"),"✅ Both Attended",IF(OR(E57="Attended",F57="Attended"),"⚠️ Partial","❌ Not Attended"))) -> — | I57: =IF(D57="","—",IF(D57>=30,"✅ Pass","❌ Fail")) -> —
A58: CES/ILR/26S1953 | B58: =IFERROR(VLOOKUP(A58,'👥 All Students'!$A:$C,2,0),"") -> 0 | C58: =IFERROR(VLOOKUP(A58,'👥 All Students'!$A:$C,3,0),"") -> 0 | D58: 37.5 | E58: Attended | F58: Not Attended | G58: =IF(D58="","",TEXT(D58/60,"0%")) -> 63% | H58: =IF(AND(E58="",F58=""),"—",IF(AND(E58="Attended",F58="Attended"),"✅ Both Attended",IF(OR(E58="Attended",F58="Attended"),"⚠️ Partial","❌ Not Attended"))) -> ⚠️ Partial | I58: =IF(D58="","—",IF(D58>=30,"✅ Pass","❌ Fail")) -> ✅ Pass
A59: CES/ILR/26S1954 | B59: =IFERROR(VLOOKUP(A59,'👥 All Students'!$A:$C,2,0),"") -> 0 | C59: =IFERROR(VLOOKUP(A59,'👥 All Students'!$A:$C,3,0),"") -> 0 | E59: Attended | F59: Not Attended | G59: =IF(D59="","",TEXT(D59/60,"0%")) | H59: =IF(AND(E59="",F59=""),"—",IF(AND(E59="Attended",F59="Attended"),"✅ Both Attended",IF(OR(E59="Attended",F59="Attended"),"⚠️ Partial","❌ Not Attended"))) -> ⚠️ Partial | I59: =IF(D59="","—",IF(D59>=30,"✅ Pass","❌ Fail")) -> —
A60: CES/ILR/26S1955 | B60: =IFERROR(VLOOKUP(A60,'👥 All Students'!$A:$C,2,0),"") -> 0 | C60: =IFERROR(VLOOKUP(A60,'👥 All Students'!$A:$C,3,0),"") -> 0 | D60: 38 | E60: Attended | F60: Not Attended | G60: =IF(D60="","",TEXT(D60/60,"0%")) -> 63% | H60: =IF(AND(E60="",F60=""),"—",IF(AND(E60="Attended",F60="Attended"),"✅ Both Attended",IF(OR(E60="Attended",F60="Attended"),"⚠️ Partial","❌ Not Attended"))) -> ⚠️ Partial | I60: =IF(D60="","—",IF(D60>=30,"✅ Pass","❌ Fail")) -> ✅ Pass
A61: CES/ILR/26S1956 | B61: =IFERROR(VLOOKUP(A61,'👥 All Students'!$A:$C,2,0),"") -> 0 | C61: =IFERROR(VLOOKUP(A61,'👥 All Students'!$A:$C,3,0),"") -> 0 | D61: 49.5 | E61: Attended | F61: Not Attended | G61: =IF(D61="","",TEXT(D61/60,"0%")) -> 83% | H61: =IF(AND(E61="",F61=""),"—",IF(AND(E61="Attended",F61="Attended"),"✅ Both Attended",IF(OR(E61="Attended",F61="Attended"),"⚠️ Partial","❌ Not Attended"))) -> ⚠️ Partial | I61: =IF(D61="","—",IF(D61>=30,"✅ Pass","❌ Fail")) -> ✅ Pass
A62: CES/ILR/26S1957 | B62: =IFERROR(VLOOKUP(A62,'👥 All Students'!$A:$C,2,0),"") | C62: =IFERROR(VLOOKUP(A62,'👥 All Students'!$A:$C,3,0),"") | D62: 29 | E62: Attended | F62: Not Attended | G62: =IF(D62="","",TEXT(D62/60,"0%")) -> 48% | H62: =IF(AND(E62="",F62=""),"—",IF(AND(E62="Attended",F62="Attended"),"✅ Both Attended",IF(OR(E62="Attended",F62="Attended"),"⚠️ Partial","❌ Not Attended"))) -> ⚠️ Partial | I62: =IF(D62="","—",IF(D62>=30,"✅ Pass","❌ Fail")) -> ❌ Fail
A63: CES/ILR/26S1958 | B63: =IFERROR(VLOOKUP(A63,'👥 All Students'!$A:$C,2,0),"") | C63: =IFERROR(VLOOKUP(A63,'👥 All Students'!$A:$C,3,0),"") | D63: 44 | E63: Attended | F63: Not Attended | G63: =IF(D63="","",TEXT(D63/60,"0%")) -> 73% | H63: =IF(AND(E63="",F63=""),"—",IF(AND(E63="Attended",F63="Attended"),"✅ Both Attended",IF(OR(E63="Attended",F63="Attended"),"⚠️ Partial","❌ Not Attended"))) -> ⚠️ Partial | I63: =IF(D63="","—",IF(D63>=30,"✅ Pass","❌ Fail")) -> ✅ Pass
A64: CES/ILR/26S1959 | B64: =IFERROR(VLOOKUP(A64,'👥 All Students'!$A:$C,2,0),"") | C64: =IFERROR(VLOOKUP(A64,'👥 All Students'!$A:$C,3,0),"") | D64: 38 | E64: Attended | F64: Not Attended | G64: =IF(D64="","",TEXT(D64/60,"0%")) -> 63% | H64: =IF(AND(E64="",F64=""),"—",IF(AND(E64="Attended",F64="Attended"),"✅ Both Attended",IF(OR(E64="Attended",F64="Attended"),"⚠️ Partial","❌ Not Attended"))) -> ⚠️ Partial | I64: =IF(D64="","—",IF(D64>=30,"✅ Pass","❌ Fail")) -> ✅ Pass
A65: CES/ILR/26S1960 | B65: =IFERROR(VLOOKUP(A65,'👥 All Students'!$A:$C,2,0),"") | C65: =IFERROR(VLOOKUP(A65,'👥 All Students'!$A:$C,3,0),"") | D65: 46 | E65: Attended | F65: Not Attended | G65: =IF(D65="","",TEXT(D65/60,"0%")) -> 77% | H65: =IF(AND(E65="",F65=""),"—",IF(AND(E65="Attended",F65="Attended"),"✅ Both Attended",IF(OR(E65="Attended",F65="Attended"),"⚠️ Partial","❌ Not Attended"))) -> ⚠️ Partial | I65: =IF(D65="","—",IF(D65>=30,"✅ Pass","❌ Fail")) -> ✅ Pass
A66: CES/ILR/26S1961 | B66: =IFERROR(VLOOKUP(A66,'👥 All Students'!$A:$C,2,0),"") | C66: =IFERROR(VLOOKUP(A66,'👥 All Students'!$A:$C,3,0),"") | D66: 43 | E66: Attended | F66: Not Attended | G66: =IF(D66="","",TEXT(D66/60,"0%")) -> 72% | H66: =IF(AND(E66="",F66=""),"—",IF(AND(E66="Attended",F66="Attended"),"✅ Both Attended",IF(OR(E66="Attended",F66="Attended"),"⚠️ Partial","❌ Not Attended"))) -> ⚠️ Partial | I66: =IF(D66="","—",IF(D66>=30,"✅ Pass","❌ Fail")) -> ✅ Pass
A67: CES/ILR/26S1962 | B67: =IFERROR(VLOOKUP(A67,'👥 All Students'!$A:$C,2,0),"") | C67: =IFERROR(VLOOKUP(A67,'👥 All Students'!$A:$C,3,0),"") | D67: 39.5 | E67: Attended | F67: Not Attended | G67: =IF(D67="","",TEXT(D67/60,"0%")) -> 66% | H67: =IF(AND(E67="",F67=""),"—",IF(AND(E67="Attended",F67="Attended"),"✅ Both Attended",IF(OR(E67="Attended",F67="Attended"),"⚠️ Partial","❌ Not Attended"))) -> ⚠️ Partial | I67: =IF(D67="","—",IF(D67>=30,"✅ Pass","❌ Fail")) -> ✅ Pass
A68: CES/ILR/26S1963 | B68: =IFERROR(VLOOKUP(A68,'👥 All Students'!$A:$C,2,0),"") | C68: =IFERROR(VLOOKUP(A68,'👥 All Students'!$A:$C,3,0),"") | E68: Attended | F68: Not Attended | G68: =IF(D68="","",TEXT(D68/60,"0%")) | H68: =IF(AND(E68="",F68=""),"—",IF(AND(E68="Attended",F68="Attended"),"✅ Both Attended",IF(OR(E68="Attended",F68="Attended"),"⚠️ Partial","❌ Not Attended"))) -> ⚠️ Partial | I68: =IF(D68="","—",IF(D68>=30,"✅ Pass","❌ Fail")) -> —
A69: CES/ILR/26S1964 | B69: =IFERROR(VLOOKUP(A69,'👥 All Students'!$A:$C,2,0),"") | C69: =IFERROR(VLOOKUP(A69,'👥 All Students'!$A:$C,3,0),"") | G69: =IF(D69="","",TEXT(D69/60,"0%")) | H69: =IF(AND(E69="",F69=""),"—",IF(AND(E69="Attended",F69="Attended"),"✅ Both Attended",IF(OR(E69="Attended",F69="Attended"),"⚠️ Partial","❌ Not Attended"))) -> — | I69: =IF(D69="","—",IF(D69>=30,"✅ Pass","❌ Fail")) -> —
A70: CES/ILR/26S1965 | B70: =IFERROR(VLOOKUP(A70,'👥 All Students'!$A:$C,2,0),"") -> 0 | C70: =IFERROR(VLOOKUP(A70,'👥 All Students'!$A:$C,3,0),"") -> 0 | E70: Attended | F70: Not Attended | G70: =IF(D70="","",TEXT(D70/60,"0%")) | H70: =IF(AND(E70="",F70=""),"—",IF(AND(E70="Attended",F70="Attended"),"✅ Both Attended",IF(OR(E70="Attended",F70="Attended"),"⚠️ Partial","❌ Not Attended"))) -> ⚠️ Partial | I70: =IF(D70="","—",IF(D70>=30,"✅ Pass","❌ Fail")) -> —
A71: CES/ILR/26S1966 | B71: =IFERROR(VLOOKUP(A71,'👥 All Students'!$A:$C,2,0),"") | C71: =IFERROR(VLOOKUP(A71,'👥 All Students'!$A:$C,3,0),"") | G71: =IF(D71="","",TEXT(D71/60,"0%")) | H71: =IF(AND(E71="",F71=""),"—",IF(AND(E71="Attended",F71="Attended"),"✅ Both Attended",IF(OR(E71="Attended",F71="Attended"),"⚠️ Partial","❌ Not Attended"))) -> — | I71: =IF(D71="","—",IF(D71>=30,"✅ Pass","❌ Fail")) -> —
A72: CES/ILR/26S1967 | B72: =IFERROR(VLOOKUP(A72,'👥 All Students'!$A:$C,2,0),"") -> 0 | C72: =IFERROR(VLOOKUP(A72,'👥 All Students'!$A:$C,3,0),"") -> 0 | F72: Not Attended | G72: =IF(D72="","",TEXT(D72/60,"0%")) | H72: =IF(AND(E72="",F72=""),"—",IF(AND(E72="Attended",F72="Attended"),"✅ Both Attended",IF(OR(E72="Attended",F72="Attended"),"⚠️ Partial","❌ Not Attended"))) -> ❌ Not Attended | I72: =IF(D72="","—",IF(D72>=30,"✅ Pass","❌ Fail")) -> —
A73: CES/ILR/26S1968 | B73: =IFERROR(VLOOKUP(A73,'👥 All Students'!$A:$C,2,0),"") -> 0 | C73: =IFERROR(VLOOKUP(A73,'👥 All Students'!$A:$C,3,0),"") -> 0 | D73: 52.5 | E73: Attended | F73: Not Attended | G73: =IF(D73="","",TEXT(D73/60,"0%")) -> 88% | H73: =IF(AND(E73="",F73=""),"—",IF(AND(E73="Attended",F73="Attended"),"✅ Both Attended",IF(OR(E73="Attended",F73="Attended"),"⚠️ Partial","❌ Not Attended"))) -> ⚠️ Partial | I73: =IF(D73="","—",IF(D73>=30,"✅ Pass","❌ Fail")) -> ✅ Pass
A74: CES/ILR/26S1969 | B74: =IFERROR(VLOOKUP(A74,'👥 All Students'!$A:$C,2,0),"") | C74: =IFERROR(VLOOKUP(A74,'👥 All Students'!$A:$C,3,0),"") | G74: =IF(D74="","",TEXT(D74/60,"0%")) | H74: =IF(AND(E74="",F74=""),"—",IF(AND(E74="Attended",F74="Attended"),"✅ Both Attended",IF(OR(E74="Attended",F74="Attended"),"⚠️ Partial","❌ Not Attended"))) -> — | I74: =IF(D74="","—",IF(D74>=30,"✅ Pass","❌ Fail")) -> —
A75: CES/ILR/26S1970 | B75: =IFERROR(VLOOKUP(A75,'👥 All Students'!$A:$C,2,0),"") -> 0 | C75: =IFERROR(VLOOKUP(A75,'👥 All Students'!$A:$C,3,0),"") -> 0 | D75: 27 | E75: Attended | F75: Not Attended | G75: =IF(D75="","",TEXT(D75/60,"0%")) -> 45% | H75: =IF(AND(E75="",F75=""),"—",IF(AND(E75="Attended",F75="Attended"),"✅ Both Attended",IF(OR(E75="Attended",F75="Attended"),"⚠️ Partial","❌ Not Attended"))) -> ⚠️ Partial | I75: =IF(D75="","—",IF(D75>=30,"✅ Pass","❌ Fail")) -> ❌ Fail
A76: CES/ILR/26S1971 | B76: =IFERROR(VLOOKUP(A76,'👥 All Students'!$A:$C,2,0),"") | C76: =IFERROR(VLOOKUP(A76,'👥 All Students'!$A:$C,3,0),"") | F76: Not Attended | G76: =IF(D76="","",TEXT(D76/60,"0%")) | H76: =IF(AND(E76="",F76=""),"—",IF(AND(E76="Attended",F76="Attended"),"✅ Both Attended",IF(OR(E76="Attended",F76="Attended"),"⚠️ Partial","❌ Not Attended"))) -> ❌ Not Attended | I76: =IF(D76="","—",IF(D76>=30,"✅ Pass","❌ Fail")) -> —
A77: CES/ILR/26S1972 | B77: =IFERROR(VLOOKUP(A77,'👥 All Students'!$A:$C,2,0),"") -> 0 | C77: =IFERROR(VLOOKUP(A77,'👥 All Students'!$A:$C,3,0),"") -> 0 | E77: Attended | F77: Not Attended | G77: =IF(D77="","",TEXT(D77/60,"0%")) | H77: =IF(AND(E77="",F77=""),"—",IF(AND(E77="Attended",F77="Attended"),"✅ Both Attended",IF(OR(E77="Attended",F77="Attended"),"⚠️ Partial","❌ Not Attended"))) -> ⚠️ Partial | I77: =IF(D77="","—",IF(D77>=30,"✅ Pass","❌ Fail")) -> —
A78: CES/ILR/26S1974 | B78: =IFERROR(VLOOKUP(A78,'👥 All Students'!$A:$C,2,0),"") -> 0 | C78: =IFERROR(VLOOKUP(A78,'👥 All Students'!$A:$C,3,0),"") -> 0 | G78: =IF(D78="","",TEXT(D78/60,"0%")) | H78: =IF(AND(E78="",F78=""),"—",IF(AND(E78="Attended",F78="Attended"),"✅ Both Attended",IF(OR(E78="Attended",F78="Attended"),"⚠️ Partial","❌ Not Attended"))) -> — | I78: =IF(D78="","—",IF(D78>=30,"✅ Pass","❌ Fail")) -> —
A79: CES/ILR/2026D/423 | B79: =IFERROR(VLOOKUP(A79,'👥 All Students'!$A:$C,2,0),"") | C79: =IFERROR(VLOOKUP(A79,'👥 All Students'!$A:$C,3,0),"") | G79: =IF(D79="","",TEXT(D79/60,"0%")) | H79: =IF(AND(E79="",F79=""),"—",IF(AND(E79="Attended",F79="Attended"),"✅ Both Attended",IF(OR(E79="Attended",F79="Attended"),"⚠️ Partial","❌ Not Attended"))) -> — | I79: =IF(D79="","—",IF(D79>=30,"✅ Pass","❌ Fail")) -> —
A80: CES/ILR/26H801 | B80: =IFERROR(VLOOKUP(A80,'👥 All Students'!$A:$C,2,0),"") -> 0 | C80: =IFERROR(VLOOKUP(A80,'👥 All Students'!$A:$C,3,0),"") -> 0 | D80: 48.5 | E80: Attended | G80: =IF(D80="","",TEXT(D80/60,"0%")) -> 81% | H80: =IF(AND(E80="",F80=""),"—",IF(AND(E80="Attended",F80="Attended"),"✅ Both Attended",IF(OR(E80="Attended",F80="Attended"),"⚠️ Partial","❌ Not Attended"))) -> ⚠️ Partial | I80: =IF(D80="","—",IF(D80>=30,"✅ Pass","❌ Fail")) -> ✅ Pass
A81: CES/ILR/26H802 | B81: =IFERROR(VLOOKUP(A81,'👥 All Students'!$A:$C,2,0),"") -> 0 | C81: =IFERROR(VLOOKUP(A81,'👥 All Students'!$A:$C,3,0),"") -> 0 | D81: 46 | E81: Attended | G81: =IF(D81="","",TEXT(D81/60,"0%")) -> 77% | H81: =IF(AND(E81="",F81=""),"—",IF(AND(E81="Attended",F81="Attended"),"✅ Both Attended",IF(OR(E81="Attended",F81="Attended"),"⚠️ Partial","❌ Not Attended"))) -> ⚠️ Partial | I81: =IF(D81="","—",IF(D81>=30,"✅ Pass","❌ Fail")) -> ✅ Pass
A82: CES/ILR/26H803 | B82: =IFERROR(VLOOKUP(A82,'👥 All Students'!$A:$C,2,0),"") -> 0 | C82: =IFERROR(VLOOKUP(A82,'👥 All Students'!$A:$C,3,0),"") -> 0 | G82: =IF(D82="","",TEXT(D82/60,"0%")) | H82: =IF(AND(E82="",F82=""),"—",IF(AND(E82="Attended",F82="Attended"),"✅ Both Attended",IF(OR(E82="Attended",F82="Attended"),"⚠️ Partial","❌ Not Attended"))) -> — | I82: =IF(D82="","—",IF(D82>=30,"✅ Pass","❌ Fail")) -> —
A83: CES/ILR/26H804 | B83: =IFERROR(VLOOKUP(A83,'👥 All Students'!$A:$C,2,0),"") -> 0 | C83: =IFERROR(VLOOKUP(A83,'👥 All Students'!$A:$C,3,0),"") -> 0 | D83: 51 | E83: Attended | G83: =IF(D83="","",TEXT(D83/60,"0%")) -> 85% | H83: =IF(AND(E83="",F83=""),"—",IF(AND(E83="Attended",F83="Attended"),"✅ Both Attended",IF(OR(E83="Attended",F83="Attended"),"⚠️ Partial","❌ Not Attended"))) -> ⚠️ Partial | I83: =IF(D83="","—",IF(D83>=30,"✅ Pass","❌ Fail")) -> ✅ Pass
A84: CES/ILR/26H805 | B84: =IFERROR(VLOOKUP(A84,'👥 All Students'!$A:$C,2,0),"") -> 0 | C84: =IFERROR(VLOOKUP(A84,'👥 All Students'!$A:$C,3,0),"") -> 0 | D84: 27 | E84: Attended | G84: =IF(D84="","",TEXT(D84/60,"0%")) -> 45% | H84: =IF(AND(E84="",F84=""),"—",IF(AND(E84="Attended",F84="Attended"),"✅ Both Attended",IF(OR(E84="Attended",F84="Attended"),"⚠️ Partial","❌ Not Attended"))) -> ⚠️ Partial | I84: =IF(D84="","—",IF(D84>=30,"✅ Pass","❌ Fail")) -> ❌ Fail
A85: CES/ILR/26H806 | B85: =IFERROR(VLOOKUP(A85,'👥 All Students'!$A:$C,2,0),"") -> 0 | C85: =IFERROR(VLOOKUP(A85,'👥 All Students'!$A:$C,3,0),"") -> 0 | D85: 40.5 | E85: Attended | G85: =IF(D85="","",TEXT(D85/60,"0%")) -> 68% | H85: =IF(AND(E85="",F85=""),"—",IF(AND(E85="Attended",F85="Attended"),"✅ Both Attended",IF(OR(E85="Attended",F85="Attended"),"⚠️ Partial","❌ Not Attended"))) -> ⚠️ Partial | I85: =IF(D85="","—",IF(D85>=30,"✅ Pass","❌ Fail")) -> ✅ Pass
A86: CES/ILR/26H807 | B86: =IFERROR(VLOOKUP(A86,'👥 All Students'!$A:$C,2,0),"") -> 0 | C86: =IFERROR(VLOOKUP(A86,'👥 All Students'!$A:$C,3,0),"") -> 0 | D86: 43.5 | E86: Attended | G86: =IF(D86="","",TEXT(D86/60,"0%")) -> 73% | H86: =IF(AND(E86="",F86=""),"—",IF(AND(E86="Attended",F86="Attended"),"✅ Both Attended",IF(OR(E86="Attended",F86="Attended"),"⚠️ Partial","❌ Not Attended"))) -> ⚠️ Partial | I86: =IF(D86="","—",IF(D86>=30,"✅ Pass","❌ Fail")) -> ✅ Pass
A87: CES/ILR/26H808 | B87: =IFERROR(VLOOKUP(A87,'👥 All Students'!$A:$C,2,0),"") -> 0 | C87: =IFERROR(VLOOKUP(A87,'👥 All Students'!$A:$C,3,0),"") -> 0 | D87: 43 | E87: Attended | G87: =IF(D87="","",TEXT(D87/60,"0%")) -> 72% | H87: =IF(AND(E87="",F87=""),"—",IF(AND(E87="Attended",F87="Attended"),"✅ Both Attended",IF(OR(E87="Attended",F87="Attended"),"⚠️ Partial","❌ Not Attended"))) -> ⚠️ Partial | I87: =IF(D87="","—",IF(D87>=30,"✅ Pass","❌ Fail")) -> ✅ Pass
A88: CES/ILR/26H809 | B88: =IFERROR(VLOOKUP(A88,'👥 All Students'!$A:$C,2,0),"") -> 0 | C88: =IFERROR(VLOOKUP(A88,'👥 All Students'!$A:$C,3,0),"") -> 0 | D88: 48.5 | E88: Attended | G88: =IF(D88="","",TEXT(D88/60,"0%")) -> 81% | H88: =IF(AND(E88="",F88=""),"—",IF(AND(E88="Attended",F88="Attended"),"✅ Both Attended",IF(OR(E88="Attended",F88="Attended"),"⚠️ Partial","❌ Not Attended"))) -> ⚠️ Partial | I88: =IF(D88="","—",IF(D88>=30,"✅ Pass","❌ Fail")) -> ✅ Pass
A89: CES/ILR/26H810 | B89: =IFERROR(VLOOKUP(A89,'👥 All Students'!$A:$C,2,0),"") -> 0 | C89: =IFERROR(VLOOKUP(A89,'👥 All Students'!$A:$C,3,0),"") -> 0 | D89: 48.5 | E89: Attended | G89: =IF(D89="","",TEXT(D89/60,"0%")) -> 81% | H89: =IF(AND(E89="",F89=""),"—",IF(AND(E89="Attended",F89="Attended"),"✅ Both Attended",IF(OR(E89="Attended",F89="Attended"),"⚠️ Partial","❌ Not Attended"))) -> ⚠️ Partial | I89: =IF(D89="","—",IF(D89>=30,"✅ Pass","❌ Fail")) -> ✅ Pass
A90: CES/ILR/26H811 | B90: =IFERROR(VLOOKUP(A90,'👥 All Students'!$A:$C,2,0),"") -> 0 | C90: =IFERROR(VLOOKUP(A90,'👥 All Students'!$A:$C,3,0),"") -> 0 | D90: 38.5 | E90: Attended | G90: =IF(D90="","",TEXT(D90/60,"0%")) -> 64% | H90: =IF(AND(E90="",F90=""),"—",IF(AND(E90="Attended",F90="Attended"),"✅ Both Attended",IF(OR(E90="Attended",F90="Attended"),"⚠️ Partial","❌ Not Attended"))) -> ⚠️ Partial | I90: =IF(D90="","—",IF(D90>=30,"✅ Pass","❌ Fail")) -> ✅ Pass
A91: CES/ILR/26H812 | B91: =IFERROR(VLOOKUP(A91,'👥 All Students'!$A:$C,2,0),"") -> 0 | C91: =IFERROR(VLOOKUP(A91,'👥 All Students'!$A:$C,3,0),"") -> 0 | D91: 39 | E91: Attended | G91: =IF(D91="","",TEXT(D91/60,"0%")) -> 65% | H91: =IF(AND(E91="",F91=""),"—",IF(AND(E91="Attended",F91="Attended"),"✅ Both Attended",IF(OR(E91="Attended",F91="Attended"),"⚠️ Partial","❌ Not Attended"))) -> ⚠️ Partial | I91: =IF(D91="","—",IF(D91>=30,"✅ Pass","❌ Fail")) -> ✅ Pass
A92: CES/ILR/26H813 | B92: =IFERROR(VLOOKUP(A92,'👥 All Students'!$A:$C,2,0),"") -> 0 | C92: =IFERROR(VLOOKUP(A92,'👥 All Students'!$A:$C,3,0),"") -> 0 | D92: 37.5 | E92: Attended | G92: =IF(D92="","",TEXT(D92/60,"0%")) -> 63% | H92: =IF(AND(E92="",F92=""),"—",IF(AND(E92="Attended",F92="Attended"),"✅ Both Attended",IF(OR(E92="Attended",F92="Attended"),"⚠️ Partial","❌ Not Attended"))) -> ⚠️ Partial | I92: =IF(D92="","—",IF(D92>=30,"✅ Pass","❌ Fail")) -> ✅ Pass
A93: CES/ILR/26H814 | B93: =IFERROR(VLOOKUP(A93,'👥 All Students'!$A:$C,2,0),"") -> 0 | C93: =IFERROR(VLOOKUP(A93,'👥 All Students'!$A:$C,3,0),"") -> 0 | D93: 46 | E93: Attended | G93: =IF(D93="","",TEXT(D93/60,"0%")) -> 77% | H93: =IF(AND(E93="",F93=""),"—",IF(AND(E93="Attended",F93="Attended"),"✅ Both Attended",IF(OR(E93="Attended",F93="Attended"),"⚠️ Partial","❌ Not Attended"))) -> ⚠️ Partial | I93: =IF(D93="","—",IF(D93>=30,"✅ Pass","❌ Fail")) -> ✅ Pass
A94: CES/ILR/26H815 | B94: =IFERROR(VLOOKUP(A94,'👥 All Students'!$A:$C,2,0),"") -> 0 | C94: =IFERROR(VLOOKUP(A94,'👥 All Students'!$A:$C,3,0),"") -> 0 | D94: 40 | E94: Attended | G94: =IF(D94="","",TEXT(D94/60,"0%")) -> 67% | H94: =IF(AND(E94="",F94=""),"—",IF(AND(E94="Attended",F94="Attended"),"✅ Both Attended",IF(OR(E94="Attended",F94="Attended"),"⚠️ Partial","❌ Not Attended"))) -> ⚠️ Partial | I94: =IF(D94="","—",IF(D94>=30,"✅ Pass","❌ Fail")) -> ✅ Pass
A95: CES/ILR/26H816 | B95: =IFERROR(VLOOKUP(A95,'👥 All Students'!$A:$C,2,0),"") -> 0 | C95: =IFERROR(VLOOKUP(A95,'👥 All Students'!$A:$C,3,0),"") -> 0 | D95: 36 | E95: Attended | G95: =IF(D95="","",TEXT(D95/60,"0%")) -> 60% | H95: =IF(AND(E95="",F95=""),"—",IF(AND(E95="Attended",F95="Attended"),"✅ Both Attended",IF(OR(E95="Attended",F95="Attended"),"⚠️ Partial","❌ Not Attended"))) -> ⚠️ Partial | I95: =IF(D95="","—",IF(D95>=30,"✅ Pass","❌ Fail")) -> ✅ Pass
A96: CES/ILR/26H817 | B96: =IFERROR(VLOOKUP(A96,'👥 All Students'!$A:$C,2,0),"") -> 0 | C96: =IFERROR(VLOOKUP(A96,'👥 All Students'!$A:$C,3,0),"") -> 0 | E96: Attended | G96: =IF(D96="","",TEXT(D96/60,"0%")) | H96: =IF(AND(E96="",F96=""),"—",IF(AND(E96="Attended",F96="Attended"),"✅ Both Attended",IF(OR(E96="Attended",F96="Attended"),"⚠️ Partial","❌ Not Attended"))) -> ⚠️ Partial | I96: =IF(D96="","—",IF(D96>=30,"✅ Pass","❌ Fail")) -> —
A97: CES/ILR/26H818 | B97: =IFERROR(VLOOKUP(A97,'👥 All Students'!$A:$C,2,0),"") -> 0 | C97: =IFERROR(VLOOKUP(A97,'👥 All Students'!$A:$C,3,0),"") -> 0 | D97: 48 | E97: Attended | G97: =IF(D97="","",TEXT(D97/60,"0%")) -> 80% | H97: =IF(AND(E97="",F97=""),"—",IF(AND(E97="Attended",F97="Attended"),"✅ Both Attended",IF(OR(E97="Attended",F97="Attended"),"⚠️ Partial","❌ Not Attended"))) -> ⚠️ Partial | I97: =IF(D97="","—",IF(D97>=30,"✅ Pass","❌ Fail")) -> ✅ Pass
A98: CES/ILR/26H819 | B98: =IFERROR(VLOOKUP(A98,'👥 All Students'!$A:$C,2,0),"") -> 0 | C98: =IFERROR(VLOOKUP(A98,'👥 All Students'!$A:$C,3,0),"") -> 0 | D98: 26 | E98: Attended | G98: =IF(D98="","",TEXT(D98/60,"0%")) -> 43% | H98: =IF(AND(E98="",F98=""),"—",IF(AND(E98="Attended",F98="Attended"),"✅ Both Attended",IF(OR(E98="Attended",F98="Attended"),"⚠️ Partial","❌ Not Attended"))) -> ⚠️ Partial | I98: =IF(D98="","—",IF(D98>=30,"✅ Pass","❌ Fail")) -> ❌ Fail
A99: CES/ILR/26H820 | B99: =IFERROR(VLOOKUP(A99,'👥 All Students'!$A:$C,2,0),"") -> 0 | C99: =IFERROR(VLOOKUP(A99,'👥 All Students'!$A:$C,3,0),"") -> 0 | G99: =IF(D99="","",TEXT(D99/60,"0%")) | H99: =IF(AND(E99="",F99=""),"—",IF(AND(E99="Attended",F99="Attended"),"✅ Both Attended",IF(OR(E99="Attended",F99="Attended"),"⚠️ Partial","❌ Not Attended"))) -> — | I99: =IF(D99="","—",IF(D99>=30,"✅ Pass","❌ Fail")) -> —
A100: CES/ILR/26H821 | B100: =IFERROR(VLOOKUP(A100,'👥 All Students'!$A:$C,2,0),"") -> 0 | C100: =IFERROR(VLOOKUP(A100,'👥 All Students'!$A:$C,3,0),"") -> 0 | D100: 40 | E100: Attended | G100: =IF(D100="","",TEXT(D100/60,"0%")) -> 67% | H100: =IF(AND(E100="",F100=""),"—",IF(AND(E100="Attended",F100="Attended"),"✅ Both Attended",IF(OR(E100="Attended",F100="Attended"),"⚠️ Partial","❌ Not Attended"))) -> ⚠️ Partial | I100: =IF(D100="","—",IF(D100>=30,"✅ Pass","❌ Fail")) -> ✅ Pass
A101: CES/ILR/26H822 | B101: =IFERROR(VLOOKUP(A101,'👥 All Students'!$A:$C,2,0),"") | C101: =IFERROR(VLOOKUP(A101,'👥 All Students'!$A:$C,3,0),"") | D101: 47 | E101: Attended | G101: =IF(D101="","",TEXT(D101/60,"0%")) -> 78% | H101: =IF(AND(E101="",F101=""),"—",IF(AND(E101="Attended",F101="Attended"),"✅ Both Attended",IF(OR(E101="Attended",F101="Attended"),"⚠️ Partial","❌ Not Attended"))) -> ⚠️ Partial | I101: =IF(D101="","—",IF(D101>=30,"✅ Pass","❌ Fail")) -> ✅ Pass
A102: CES/ILR/26H823 | B102: =IFERROR(VLOOKUP(A102,'👥 All Students'!$A:$C,2,0),"") | C102: =IFERROR(VLOOKUP(A102,'👥 All Students'!$A:$C,3,0),"") | D102: 47 | E102: Attended | G102: =IF(D102="","",TEXT(D102/60,"0%")) -> 78% | H102: =IF(AND(E102="",F102=""),"—",IF(AND(E102="Attended",F102="Attended"),"✅ Both Attended",IF(OR(E102="Attended",F102="Attended"),"⚠️ Partial","❌ Not Attended"))) -> ⚠️ Partial | I102: =IF(D102="","—",IF(D102>=30,"✅ Pass","❌ Fail")) -> ✅ Pass
A103: CES/ILR/26H824 | B103: =IFERROR(VLOOKUP(A103,'👥 All Students'!$A:$C,2,0),"") | C103: =IFERROR(VLOOKUP(A103,'👥 All Students'!$A:$C,3,0),"") | D103: 50 | E103: Attended | G103: =IF(D103="","",TEXT(D103/60,"0%")) -> 83% | H103: =IF(AND(E103="",F103=""),"—",IF(AND(E103="Attended",F103="Attended"),"✅ Both Attended",IF(OR(E103="Attended",F103="Attended"),"⚠️ Partial","❌ Not Attended"))) -> ⚠️ Partial | I103: =IF(D103="","—",IF(D103>=30,"✅ Pass","❌ Fail")) -> ✅ Pass
A104: CES/ILR/26H825 | B104: =IFERROR(VLOOKUP(A104,'👥 All Students'!$A:$C,2,0),"") | C104: =IFERROR(VLOOKUP(A104,'👥 All Students'!$A:$C,3,0),"") | D104: 51.5 | E104: Attended | G104: =IF(D104="","",TEXT(D104/60,"0%")) -> 86% | H104: =IF(AND(E104="",F104=""),"—",IF(AND(E104="Attended",F104="Attended"),"✅ Both Attended",IF(OR(E104="Attended",F104="Attended"),"⚠️ Partial","❌ Not Attended"))) -> ⚠️ Partial | I104: =IF(D104="","—",IF(D104>=30,"✅ Pass","❌ Fail")) -> ✅ Pass
A105: CES/ILR/26H826 | B105: =IFERROR(VLOOKUP(A105,'👥 All Students'!$A:$C,2,0),"") | C105: =IFERROR(VLOOKUP(A105,'👥 All Students'!$A:$C,3,0),"") | E105: Attended | G105: =IF(D105="","",TEXT(D105/60,"0%")) | H105: =IF(AND(E105="",F105=""),"—",IF(AND(E105="Attended",F105="Attended"),"✅ Both Attended",IF(OR(E105="Attended",F105="Attended"),"⚠️ Partial","❌ Not Attended"))) -> ⚠️ Partial | I105: =IF(D105="","—",IF(D105>=30,"✅ Pass","❌ Fail")) -> —
A106: CES/ILR/26H827 | B106: =IFERROR(VLOOKUP(A106,'👥 All Students'!$A:$C,2,0),"") | C106: =IFERROR(VLOOKUP(A106,'👥 All Students'!$A:$C,3,0),"") | D106: 42 | E106: Attended | G106: =IF(D106="","",TEXT(D106/60,"0%")) -> 70% | H106: =IF(AND(E106="",F106=""),"—",IF(AND(E106="Attended",F106="Attended"),"✅ Both Attended",IF(OR(E106="Attended",F106="Attended"),"⚠️ Partial","❌ Not Attended"))) -> ⚠️ Partial | I106: =IF(D106="","—",IF(D106>=30,"✅ Pass","❌ Fail")) -> ✅ Pass
A107: CES/ILR/26H828 | B107: =IFERROR(VLOOKUP(A107,'👥 All Students'!$A:$C,2,0),"") | C107: =IFERROR(VLOOKUP(A107,'👥 All Students'!$A:$C,3,0),"") | D107: 33 | E107: Attended | G107: =IF(D107="","",TEXT(D107/60,"0%")) -> 55% | H107: =IF(AND(E107="",F107=""),"—",IF(AND(E107="Attended",F107="Attended"),"✅ Both Attended",IF(OR(E107="Attended",F107="Attended"),"⚠️ Partial","❌ Not Attended"))) -> ⚠️ Partial | I107: =IF(D107="","—",IF(D107>=30,"✅ Pass","❌ Fail")) -> ✅ Pass
A108: CES/ILR/26H829 | B108: =IFERROR(VLOOKUP(A108,'👥 All Students'!$A:$C,2,0),"") | C108: =IFERROR(VLOOKUP(A108,'👥 All Students'!$A:$C,3,0),"") | D108: 46.5 | E108: Attended | G108: =IF(D108="","",TEXT(D108/60,"0%")) -> 78% | H108: =IF(AND(E108="",F108=""),"—",IF(AND(E108="Attended",F108="Attended"),"✅ Both Attended",IF(OR(E108="Attended",F108="Attended"),"⚠️ Partial","❌ Not Attended"))) -> ⚠️ Partial | I108: =IF(D108="","—",IF(D108>=30,"✅ Pass","❌ Fail")) -> ✅ Pass
...

Sheet 🎓 S1 Results
A1: 🎓 S1 GRADUATION ELIGIBILITY | Pass = 50/100 + Both Attendance Courses | 🔒 All columns auto-computed
A2: All values are computed from the Quiz and Exam sheets. Enter matric numbers in column A. All other columns are locked formulas.
A3: 🟡 Matric No. only — enter in column A 🟣 All other columns = auto-computed (locked)
A4: MAX → | D4: 40 | E4: 60 | F4: 100
A5: Matric No. | B5: Surname | C5: First Name | D5: Quiz Total (/40) | E5: Final Exam (/60) | F5: TOTAL (/100) | G5: Score ≥50? | H5: Elem. Principles | I5: Mem. & Vision | J5: Attendance Complete? | K5: 🎓 STATUS | L5: Score % | M5: Honour Class | N5: Notes
A6: CES/ILR/26S1901 | B6: =IFERROR(VLOOKUP(A6,'👥 All Students'!$A:$C,2,0),"") | C6: =IFERROR(VLOOKUP(A6,'👥 All Students'!$A:$C,3,0),"") | D6: =IFERROR(VLOOKUP(A6,'📝 S1 Quiz'!$A:$L,12,0),"") | E6: =IFERROR(VLOOKUP(A6,'📄 S1 Exam'!$A:$D,4,0),"") -> 0 | F6: =IF(OR(D6="",E6=""),"—",D6+E6) -> — | G6: =IF(F6="—","—",IF(F6>=50,"✅","❌")) -> — | H6: =IFERROR(VLOOKUP(A6,'📄 S1 Exam'!$A:$E,5,0),"") -> Excused | I6: =IFERROR(VLOOKUP(A6,'📄 S1 Exam'!$A:$F,6,0),"") -> Excused | J6: =IF(AND(H6="Attended",I6="Attended"),"✅","❌") -> ❌ | K6: =IF(OR(F6="—",H6="",I6=""),"⏳ PENDING",IF(AND(G6="✅",J6="✅"),"✅ GRADUATE","❌ NOT YET")) -> ⏳ PENDING | L6: =IF(F6="—","",F6/100) | M6: =IF(F6="—","",IF(F6>=90,"Distinction",IF(F6>=75,"Merit",IF(F6>=50,"Pass","Below Pass")))) | N6: =IF(K6="✅ GRADUATE","Cleared for graduation!",IF(K6="⏳ PENDING","Awaiting data",IF(G6<>"✅","Score "&IF(F6="—","not entered",F6&"/100 — needs 50")&". ","")&IF(J6<>"✅","Attendance incomplete.",""))) -> Awaiting data
A7: CES/ILR/26S1902 | B7: =IFERROR(VLOOKUP(A7,'👥 All Students'!$A:$C,2,0),"") -> 0 | C7: =IFERROR(VLOOKUP(A7,'👥 All Students'!$A:$C,3,0),"") -> 0 | D7: =IFERROR(VLOOKUP(A7,'📝 S1 Quiz'!$A:$L,12,0),"") -> 33 | E7: =IFERROR(VLOOKUP(A7,'📄 S1 Exam'!$A:$D,4,0),"") -> 51 | F7: =IF(OR(D7="",E7=""),"—",D7+E7) -> 84 | G7: =IF(F7="—","—",IF(F7>=50,"✅","❌")) -> ✅ | H7: =IFERROR(VLOOKUP(A7,'📄 S1 Exam'!$A:$E,5,0),"") -> Attended | I7: =IFERROR(VLOOKUP(A7,'📄 S1 Exam'!$A:$F,6,0),"") -> Not Attended | J7: =IF(AND(H7="Attended",I7="Attended"),"✅","❌") -> ❌ | K7: =IF(OR(F7="—",H7="",I7=""),"⏳ PENDING",IF(AND(G7="✅",J7="✅"),"✅ GRADUATE","❌ NOT YET")) -> ❌ NOT YET | L7: =IF(F7="—","",F7/100) -> 0.84 | M7: =IF(F7="—","",IF(F7>=90,"Distinction",IF(F7>=75,"Merit",IF(F7>=50,"Pass","Below Pass")))) -> Merit | N7: =IF(K7="✅ GRADUATE","Cleared for graduation!",IF(K7="⏳ PENDING","Awaiting data",IF(G7<>"✅","Score "&IF(F7="—","not entered",F7&"/100 — needs 50")&". ","")&IF(J7<>"✅","Attendance incomplete.",""))) -> Attendance incomplete.
A8: CES/ILR/26S1903 | B8: =IFERROR(VLOOKUP(A8,'👥 All Students'!$A:$C,2,0),"") -> 0 | C8: =IFERROR(VLOOKUP(A8,'👥 All Students'!$A:$C,3,0),"") -> 0 | D8: =IFERROR(VLOOKUP(A8,'📝 S1 Quiz'!$A:$L,12,0),"") -> 34.5 | E8: =IFERROR(VLOOKUP(A8,'📄 S1 Exam'!$A:$D,4,0),"") -> 51 | F8: =IF(OR(D8="",E8=""),"—",D8+E8) -> 85.5 | G8: =IF(F8="—","—",IF(F8>=50,"✅","❌")) -> ✅ | H8: =IFERROR(VLOOKUP(A8,'📄 S1 Exam'!$A:$E,5,0),"") -> Attended | I8: =IFERROR(VLOOKUP(A8,'📄 S1 Exam'!$A:$F,6,0),"") -> Not Attended | J8: =IF(AND(H8="Attended",I8="Attended"),"✅","❌") -> ❌ | K8: =IF(OR(F8="—",H8="",I8=""),"⏳ PENDING",IF(AND(G8="✅",J8="✅"),"✅ GRADUATE","❌ NOT YET")) -> ❌ NOT YET | L8: =IF(F8="—","",F8/100) -> 0.855 | M8: =IF(F8="—","",IF(F8>=90,"Distinction",IF(F8>=75,"Merit",IF(F8>=50,"Pass","Below Pass")))) -> Merit | N8: =IF(K8="✅ GRADUATE","Cleared for graduation!",IF(K8="⏳ PENDING","Awaiting data",IF(G8<>"✅","Score "&IF(F8="—","not entered",F8&"/100 — needs 50")&". ","")&IF(J8<>"✅","Attendance incomplete.",""))) -> Attendance incomplete.
A9: CES/ILR/26S1904 | B9: =IFERROR(VLOOKUP(A9,'👥 All Students'!$A:$C,2,0),"") -> 0 | C9: =IFERROR(VLOOKUP(A9,'👥 All Students'!$A:$C,3,0),"") -> 0 | D9: =IFERROR(VLOOKUP(A9,'📝 S1 Quiz'!$A:$L,12,0),"") -> 32.5 | E9: =IFERROR(VLOOKUP(A9,'📄 S1 Exam'!$A:$D,4,0),"") -> 51 | F9: =IF(OR(D9="",E9=""),"—",D9+E9) -> 83.5 | G9: =IF(F9="—","—",IF(F9>=50,"✅","❌")) -> ✅ | H9: =IFERROR(VLOOKUP(A9,'📄 S1 Exam'!$A:$E,5,0),"") -> Attended | I9: =IFERROR(VLOOKUP(A9,'📄 S1 Exam'!$A:$F,6,0),"") -> Not Attended | J9: =IF(AND(H9="Attended",I9="Attended"),"✅","❌") -> ❌ | K9: =IF(OR(F9="—",H9="",I9=""),"⏳ PENDING",IF(AND(G9="✅",J9="✅"),"✅ GRADUATE","❌ NOT YET")) -> ❌ NOT YET | L9: =IF(F9="—","",F9/100) -> 0.835 | M9: =IF(F9="—","",IF(F9>=90,"Distinction",IF(F9>=75,"Merit",IF(F9>=50,"Pass","Below Pass")))) -> Merit | N9: =IF(K9="✅ GRADUATE","Cleared for graduation!",IF(K9="⏳ PENDING","Awaiting data",IF(G9<>"✅","Score "&IF(F9="—","not entered",F9&"/100 — needs 50")&". ","")&IF(J9<>"✅","Attendance incomplete.",""))) -> Attendance incomplete.
A10: CES/ILR/26S1905 | B10: =IFERROR(VLOOKUP(A10,'👥 All Students'!$A:$C,2,0),"") -> 0 | C10: =IFERROR(VLOOKUP(A10,'👥 All Students'!$A:$C,3,0),"") -> 0 | D10: =IFERROR(VLOOKUP(A10,'📝 S1 Quiz'!$A:$L,12,0),"") -> 18.5 | E10: =IFERROR(VLOOKUP(A10,'📄 S1 Exam'!$A:$D,4,0),"") -> 51 | F10: =IF(OR(D10="",E10=""),"—",D10+E10) -> 69.5 | G10: =IF(F10="—","—",IF(F10>=50,"✅","❌")) -> ✅ | H10: =IFERROR(VLOOKUP(A10,'📄 S1 Exam'!$A:$E,5,0),"") -> Attended | I10: =IFERROR(VLOOKUP(A10,'📄 S1 Exam'!$A:$F,6,0),"") -> Not Attended | J10: =IF(AND(H10="Attended",I10="Attended"),"✅","❌") -> ❌ | K10: =IF(OR(F10="—",H10="",I10=""),"⏳ PENDING",IF(AND(G10="✅",J10="✅"),"✅ GRADUATE","❌ NOT YET")) -> ❌ NOT YET | L10: =IF(F10="—","",F10/100) -> 0.695 | M10: =IF(F10="—","",IF(F10>=90,"Distinction",IF(F10>=75,"Merit",IF(F10>=50,"Pass","Below Pass")))) -> Pass | N10: =IF(K10="✅ GRADUATE","Cleared for graduation!",IF(K10="⏳ PENDING","Awaiting data",IF(G10<>"✅","Score "&IF(F10="—","not entered",F10&"/100 — needs 50")&". ","")&IF(J10<>"✅","Attendance incomplete.",""))) -> Attendance incomplete.
A11: CES/ILR/26S1906 | B11: =IFERROR(VLOOKUP(A11,'👥 All Students'!$A:$C,2,0),"") -> 0 | C11: =IFERROR(VLOOKUP(A11,'👥 All Students'!$A:$C,3,0),"") -> 0 | D11: =IFERROR(VLOOKUP(A11,'📝 S1 Quiz'!$A:$L,12,0),"") -> 7 | E11: =IFERROR(VLOOKUP(A11,'📄 S1 Exam'!$A:$D,4,0),"") -> 51 | F11: =IF(OR(D11="",E11=""),"—",D11+E11) -> 58 | G11: =IF(F11="—","—",IF(F11>=50,"✅","❌")) -> ✅ | H11: =IFERROR(VLOOKUP(A11,'📄 S1 Exam'!$A:$E,5,0),"") -> Not Attended | I11: =IFERROR(VLOOKUP(A11,'📄 S1 Exam'!$A:$F,6,0),"") -> Not Attended | J11: =IF(AND(H11="Attended",I11="Attended"),"✅","❌") -> ❌ | K11: =IF(OR(F11="—",H11="",I11=""),"⏳ PENDING",IF(AND(G11="✅",J11="✅"),"✅ GRADUATE","❌ NOT YET")) -> ❌ NOT YET | L11: =IF(F11="—","",F11/100) -> 0.58 | M11: =IF(F11="—","",IF(F11>=90,"Distinction",IF(F11>=75,"Merit",IF(F11>=50,"Pass","Below Pass")))) -> Pass | N11: =IF(K11="✅ GRADUATE","Cleared for graduation!",IF(K11="⏳ PENDING","Awaiting data",IF(G11<>"✅","Score "&IF(F11="—","not entered",F11&"/100 — needs 50")&". ","")&IF(J11<>"✅","Attendance incomplete.",""))) -> Attendance incomplete.
A12: CES/ILR/26S1907 | B12: =IFERROR(VLOOKUP(A12,'👥 All Students'!$A:$C,2,0),"") -> 0 | C12: =IFERROR(VLOOKUP(A12,'👥 All Students'!$A:$C,3,0),"") -> 0 | D12: =IFERROR(VLOOKUP(A12,'📝 S1 Quiz'!$A:$L,12,0),"") -> 28 | E12: =IFERROR(VLOOKUP(A12,'📄 S1 Exam'!$A:$D,4,0),"") -> 51 | F12: =IF(OR(D12="",E12=""),"—",D12+E12) -> 79 | G12: =IF(F12="—","—",IF(F12>=50,"✅","❌")) -> ✅ | H12: =IFERROR(VLOOKUP(A12,'📄 S1 Exam'!$A:$E,5,0),"") -> Attended | I12: =IFERROR(VLOOKUP(A12,'📄 S1 Exam'!$A:$F,6,0),"") -> Not Attended | J12: =IF(AND(H12="Attended",I12="Attended"),"✅","❌") -> ❌ | K12: =IF(OR(F12="—",H12="",I12=""),"⏳ PENDING",IF(AND(G12="✅",J12="✅"),"✅ GRADUATE","❌ NOT YET")) -> ❌ NOT YET | L12: =IF(F12="—","",F12/100) -> 0.79 | M12: =IF(F12="—","",IF(F12>=90,"Distinction",IF(F12>=75,"Merit",IF(F12>=50,"Pass","Below Pass")))) -> Merit | N12: =IF(K12="✅ GRADUATE","Cleared for graduation!",IF(K12="⏳ PENDING","Awaiting data",IF(G12<>"✅","Score "&IF(F12="—","not entered",F12&"/100 — needs 50")&". ","")&IF(J12<>"✅","Attendance incomplete.",""))) -> Attendance incomplete.
A13: CES/ILR/26S1908 | B13: =IFERROR(VLOOKUP(A13,'👥 All Students'!$A:$C,2,0),"") -> 0 | C13: =IFERROR(VLOOKUP(A13,'👥 All Students'!$A:$C,3,0),"") -> 0 | D13: =IFERROR(VLOOKUP(A13,'📝 S1 Quiz'!$A:$L,12,0),"") -> 34 | E13: =IFERROR(VLOOKUP(A13,'📄 S1 Exam'!$A:$D,4,0),"") -> 51 | F13: =IF(OR(D13="",E13=""),"—",D13+E13) -> 85 | G13: =IF(F13="—","—",IF(F13>=50,"✅","❌")) -> ✅ | H13: =IFERROR(VLOOKUP(A13,'📄 S1 Exam'!$A:$E,5,0),"") -> Attended | I13: =IFERROR(VLOOKUP(A13,'📄 S1 Exam'!$A:$F,6,0),"") -> Not Attended | J13: =IF(AND(H13="Attended",I13="Attended"),"✅","❌") -> ❌ | K13: =IF(OR(F13="—",H13="",I13=""),"⏳ PENDING",IF(AND(G13="✅",J13="✅"),"✅ GRADUATE","❌ NOT YET")) -> ❌ NOT YET | L13: =IF(F13="—","",F13/100) -> 0.85 | M13: =IF(F13="—","",IF(F13>=90,"Distinction",IF(F13>=75,"Merit",IF(F13>=50,"Pass","Below Pass")))) -> Merit | N13: =IF(K13="✅ GRADUATE","Cleared for graduation!",IF(K13="⏳ PENDING","Awaiting data",IF(G13<>"✅","Score "&IF(F13="—","not entered",F13&"/100 — needs 50")&". ","")&IF(J13<>"✅","Attendance incomplete.",""))) -> Attendance incomplete.
A14: CES/ILR/26S1909 | B14: =IFERROR(VLOOKUP(A14,'👥 All Students'!$A:$C,2,0),"") -> 0 | C14: =IFERROR(VLOOKUP(A14,'👥 All Students'!$A:$C,3,0),"") -> 0 | D14: =IFERROR(VLOOKUP(A14,'📝 S1 Quiz'!$A:$L,12,0),"") -> 26.5 | E14: =IFERROR(VLOOKUP(A14,'📄 S1 Exam'!$A:$D,4,0),"") -> 51 | F14: =IF(OR(D14="",E14=""),"—",D14+E14) -> 77.5 | G14: =IF(F14="—","—",IF(F14>=50,"✅","❌")) -> ✅ | H14: =IFERROR(VLOOKUP(A14,'📄 S1 Exam'!$A:$E,5,0),"") -> Attended | I14: =IFERROR(VLOOKUP(A14,'📄 S1 Exam'!$A:$F,6,0),"") -> Not Attended | J14: =IF(AND(H14="Attended",I14="Attended"),"✅","❌") -> ❌ | K14: =IF(OR(F14="—",H14="",I14=""),"⏳ PENDING",IF(AND(G14="✅",J14="✅"),"✅ GRADUATE","❌ NOT YET")) -> ❌ NOT YET | L14: =IF(F14="—","",F14/100) -> 0.775 | M14: =IF(F14="—","",IF(F14>=90,"Distinction",IF(F14>=75,"Merit",IF(F14>=50,"Pass","Below Pass")))) -> Merit | N14: =IF(K14="✅ GRADUATE","Cleared for graduation!",IF(K14="⏳ PENDING","Awaiting data",IF(G14<>"✅","Score "&IF(F14="—","not entered",F14&"/100 — needs 50")&". ","")&IF(J14<>"✅","Attendance incomplete.",""))) -> Attendance incomplete.
A15: CES/ILR/26S1910 | B15: =IFERROR(VLOOKUP(A15,'👥 All Students'!$A:$C,2,0),"") -> 0 | C15: =IFERROR(VLOOKUP(A15,'👥 All Students'!$A:$C,3,0),"") -> 0 | D15: =IFERROR(VLOOKUP(A15,'📝 S1 Quiz'!$A:$L,12,0),"") -> 33 | E15: =IFERROR(VLOOKUP(A15,'📄 S1 Exam'!$A:$D,4,0),"") -> 51 | F15: =IF(OR(D15="",E15=""),"—",D15+E15) -> 84 | G15: =IF(F15="—","—",IF(F15>=50,"✅","❌")) -> ✅ | H15: =IFERROR(VLOOKUP(A15,'📄 S1 Exam'!$A:$E,5,0),"") -> Attended | I15: =IFERROR(VLOOKUP(A15,'📄 S1 Exam'!$A:$F,6,0),"") -> Not Attended | J15: =IF(AND(H15="Attended",I15="Attended"),"✅","❌") -> ❌ | K15: =IF(OR(F15="—",H15="",I15=""),"⏳ PENDING",IF(AND(G15="✅",J15="✅"),"✅ GRADUATE","❌ NOT YET")) -> ❌ NOT YET | L15: =IF(F15="—","",F15/100) -> 0.84 | M15: =IF(F15="—","",IF(F15>=90,"Distinction",IF(F15>=75,"Merit",IF(F15>=50,"Pass","Below Pass")))) -> Merit | N15: =IF(K15="✅ GRADUATE","Cleared for graduation!",IF(K15="⏳ PENDING","Awaiting data",IF(G15<>"✅","Score "&IF(F15="—","not entered",F15&"/100 — needs 50")&". ","")&IF(J15<>"✅","Attendance incomplete.",""))) -> Attendance incomplete.
A16: CES/ILR/26S1911 | B16: =IFERROR(VLOOKUP(A16,'👥 All Students'!$A:$C,2,0),"") -> 0 | C16: =IFERROR(VLOOKUP(A16,'👥 All Students'!$A:$C,3,0),"") -> 0 | D16: =IFERROR(VLOOKUP(A16,'📝 S1 Quiz'!$A:$L,12,0),"") -> 29 | E16: =IFERROR(VLOOKUP(A16,'📄 S1 Exam'!$A:$D,4,0),"") -> 51 | F16: =IF(OR(D16="",E16=""),"—",D16+E16) -> 80 | G16: =IF(F16="—","—",IF(F16>=50,"✅","❌")) -> ✅ | H16: =IFERROR(VLOOKUP(A16,'📄 S1 Exam'!$A:$E,5,0),"") -> Attended | I16: =IFERROR(VLOOKUP(A16,'📄 S1 Exam'!$A:$F,6,0),"") -> Not Attended | J16: =IF(AND(H16="Attended",I16="Attended"),"✅","❌") -> ❌ | K16: =IF(OR(F16="—",H16="",I16=""),"⏳ PENDING",IF(AND(G16="✅",J16="✅"),"✅ GRADUATE","❌ NOT YET")) -> ❌ NOT YET | L16: =IF(F16="—","",F16/100) -> 0.8 | M16: =IF(F16="—","",IF(F16>=90,"Distinction",IF(F16>=75,"Merit",IF(F16>=50,"Pass","Below Pass")))) -> Merit | N16: =IF(K16="✅ GRADUATE","Cleared for graduation!",IF(K16="⏳ PENDING","Awaiting data",IF(G16<>"✅","Score "&IF(F16="—","not entered",F16&"/100 — needs 50")&". ","")&IF(J16<>"✅","Attendance incomplete.",""))) -> Attendance incomplete.
A17: CES/ILR/26S1912 | B17: =IFERROR(VLOOKUP(A17,'👥 All Students'!$A:$C,2,0),"") -> 0 | C17: =IFERROR(VLOOKUP(A17,'👥 All Students'!$A:$C,3,0),"") -> 0 | D17: =IFERROR(VLOOKUP(A17,'📝 S1 Quiz'!$A:$L,12,0),"") -> 34 | E17: =IFERROR(VLOOKUP(A17,'📄 S1 Exam'!$A:$D,4,0),"") -> 51 | F17: =IF(OR(D17="",E17=""),"—",D17+E17) -> 85 | G17: =IF(F17="—","—",IF(F17>=50,"✅","❌")) -> ✅ | H17: =IFERROR(VLOOKUP(A17,'📄 S1 Exam'!$A:$E,5,0),"") -> Attended | I17: =IFERROR(VLOOKUP(A17,'📄 S1 Exam'!$A:$F,6,0),"") -> Not Attended | J17: =IF(AND(H17="Attended",I17="Attended"),"✅","❌") -> ❌ | K17: =IF(OR(F17="—",H17="",I17=""),"⏳ PENDING",IF(AND(G17="✅",J17="✅"),"✅ GRADUATE","❌ NOT YET")) -> ❌ NOT YET | L17: =IF(F17="—","",F17/100) -> 0.85 | M17: =IF(F17="—","",IF(F17>=90,"Distinction",IF(F17>=75,"Merit",IF(F17>=50,"Pass","Below Pass")))) -> Merit | N17: =IF(K17="✅ GRADUATE","Cleared for graduation!",IF(K17="⏳ PENDING","Awaiting data",IF(G17<>"✅","Score "&IF(F17="—","not entered",F17&"/100 — needs 50")&". ","")&IF(J17<>"✅","Attendance incomplete.",""))) -> Attendance incomplete.
... A118: CES/ILR/26H840 | B118: =IFERROR(VLOOKUP(A118,'👥 All Students'!$A:$C,2,0),"") | C118: =IFERROR(VLOOKUP(A118,'👥 All Students'!$A:$C,3,0),"") | D118: =IFERROR(VLOOKUP(A118,'📝 S1 Quiz'!$A:$L,12,0),"") | E118: =IFERROR(VLOOKUP(A118,'📄 S1 Exam'!$A:$D,4,0),"") | F118: =IF(OR(D118="",E118=""),"—",D118+E118) -> — | G118: =IF(F118="—","—",IF(F118>=50,"✅","❌")) -> — | H118: =IFERROR(VLOOKUP(A118,'📄 S1 Exam'!$A:$E,5,0),"") | I118: =IFERROR(VLOOKUP(A118,'📄 S1 Exam'!$A:$F,6,0),"") | J118: =IF(AND(H118="Attended",I118="Attended"),"✅","❌") -> ❌ | K118: =IF(OR(F118="—",H118="",I118=""),"⏳ PENDING",IF(AND(G118="✅",J118="✅"),"✅ GRADUATE","❌ NOT YET")) -> ⏳ PENDING | L118: =IF(F118="—","",F118/100) | M118: =IF(F118="—","",IF(F118>=90,"Distinction",IF(F118>=75,"Merit",IF(F118>=50,"Pass","Below Pass")))) | N118: =IF(K118="✅ GRADUATE","Cleared for graduation!",IF(K118="⏳ PENDING","Awaiting data",IF(G118<>"✅","Score "&IF(F118="—","not entered",F118&"/100 — needs 50")&". ","")&IF(J118<>"✅","Attendance incomplete.",""))) -> Awaiting data
